id,name,team_color_id
#f3ece0,egret,#FFFF00
#f2f0eb,snow-white,#FFFF00
#f4f5f0,bright-white,#FFFF00
#f0eee9,cloud-dancer,#FFFF00
#f1e8df,gardenia,#FFFF00
#f0eee4,marshmallow,#FFFF00
#e7e9e7,blanc-de-blanc,#FFFF00
#f2e8da,pristine,#FFFF00
#ede6db,whisper-white,#FFFF00
#e1dbc8,white-asparagus,#FFFF00
#ddd5c7,birch,#FFFF00
#ded7c8,turtledove,#FFFF00
#d7d0c0,bone-white,#FFFF00
#d2cfc4,silver-birch,#FFFF00
#f0eada,vanilla-ice,#FFFF00
#f5edd6,papyrus,#FFFF00
#ede3d2,antique-white,#FFFF00
#f5ecd2,winter-white,#FFFF00
#e6ddc5,cloud-cream,#FFFF00
#dfd1bb,angora,#FFFF00
#e6dac4,seedpearl,#FFFF00
#f3e0be,vanilla-custard,#FFFF00
#f4efc1,almond-oil,#FFFF00
#f0debd,alabaster-gleam,#FFFF00
#f4e1c1,vanilla,#FFFF00
#ecddbe,rutabaga,#FFFF00
#e7d3ad,banana-crepe,#FFFF00
#e7d1a1,italian-straw,#FFFF00
#e0d5c6,whitecap-gray,#FFFF00
#d0c5b1,fog,#FFFF00
#e4d7c5,white-swan,#FFFF00
#d8ccbb,sandshell,#FFFF00
#dccdbc,tapioca,#FFFF00
#dbccb5,creme-brulee,#FFFF00
#dfd1be,parchment,#FFFF00
#f6e5db,sheer-pink,#FFFF00
#eeded1,dew,#FFFF00
#f3e0d6,powder-puff,#FFFF00
#f0dfcc,pearled-ivory,#FFFF00
#eddcc9,white-smoke,#FFFF00
#f3dfca,ecru,#FFFF00
#efdcc3,navajo,#FFFF00
#e7dcd9,almost-mauve,#FFFF00
#f5e3e2,delicacy,#FFFF00
#f2e2e0,petal-pink,#FFFF00
#eee2dd,bridal-blush,#FFFF00
#f6e4d9,cream-pink,#FFFF00
#f3dfd7,angel-wing,#FFFF00
#e5d9d3,pastel-parchment,#FFFF00
#efefe8,star-white,#FFFF00
#e2e2da,lily-white,#FFFF00
#dfddd7,vaporous-gray,#FFFF00
#e5ebe3,summer-shower,#FFFF00
#e0e4d9,ice,#FFFF00
#dde2d6,frost,#FFFF00
#dadcd0,icicle,#FFFF00
#e2eaeb,bit-of-blue,#00FFFF
#e1e3de,mystic-blue,#FFFF00
#e2e6e0,bluewash,#FFFF00
#d3dedf,spa-blue,#00FFFF
#e4eadf,lightest-sky,#FFFF00
#d8e8e6,hint-of-mint,#00FFFF
#d2d8d2,murmur,#FFFF00
#dde0df,barely-blue,#00FFFF
#d6dbd9,blue-blush,#00FFFF
#d3d9d1,zephyr-blue,#FFFF00
#d0d9d4,blue-flower,#00FFFF
#cbd7d2,sprout-green,#00FFFF
#d8e7e7,billowing-sail,#00FFFF
#d8e9e5,hushed-green,#00FFFF
#e5d0b1,lambs-wool,#FFFF00
#dfc09f,winter-wheat,#FFFF00
#ead3ae,summer-melon,#FFFF00
#e8d0a7,chamomile,#FFFF00
#f2d6ae,cornhusk,#FFFF00
#f5d7af,apricot-gelato,#FFFF00
#dac7ab,biscotti,#FFFF00
#d2cdb4,asparagus-green,#FFFF00
#d2caaf,oyster-white,#FFFF00
#d4cab0,putty,#FFFF00
#d2cbaf,moth,#FFFF00
#d7cab0,wood-ash,#FFFF00
#cbbfa2,gravel,#FFFF00
#bfaf92,pale-khaki,#FFFF00
#dad8c9,light-gray,#FFFF00
#d7d7c7,silver-green,#FFFF00
#c1bcac,pelican,#FFFF00
#c3bdab,overcast,#FFFF00
#bfb9a3,tidal-foam,#FFFF00
#b1b09f,agate-gray,#FFFF00
#b7b59f,alfalfa,#FFFF00
#c8c1ab,castle-wall,#FFFF00
#cbc1ae,oyster-gray,#FFFF00
#c4b6a6,cement,#FFFF00
#aea692,spray-green,#FFFF00
#b1a992,eucalyptus,#FFFF00
#a79b82,twill,#FFFF00
#a6997a,olive-gray,#FFFF00
#9c8e7b,chinchilla,#FFFF00
#9a927f,seneca-rock,#FFFF00
#918c7e,laurel-oak,#FFFF00
#938772,coriander,#FFFF00
#998978,dune,#FFFF00
#8a7963,lead-gray,#FF0000
#80765f,covert-green,#FF0000
#b8a99a,oxford-tan,#FFFF00
#aea393,plaza-taupe,#FFFF00
#a59788,tuffet,#FFFF00
#9f8d7c,silver-mink,#FFFF00
#8d8070,timber-wolf,#FFFF00
#8e7c71,taupe-gray,#FF0000
#827064,pine-bark,#FF0000
#cac2b9,pumice-stone,#FFFF00
#ad9f93,simply-taupe,#FFFF00
#9f9586,aluminum,#FFFF00
#a89a8e,cobblestone,#FFFF00
#82776b,brindle,#FF0000
#776a5f,walnut,#FF0000
#696156,bungee-cord,#FF0000
#cbc3b4,oatmeal,#FFFF00
#cdc6bd,moonbeam,#FFFF00
#cfc8bd,rainy-day,#FFFF00
#cabeb5,gray-morn,#FFFF00
#c5bbae,peyote,#FFFF00
#b8ad9e,feather-gray,#FFFF00
#a89a91,goat,#FFFF00
#dbd5d1,white-sand,#FFFF00
#c1b7b0,silver-gray,#FFFF00
#bbb1a8,chateau-gray,#FFFF00
#aa9f96,string,#FFFF00
#a89c94,atmosphere,#FFFF00
#958b84,moon-rock,#FFFF00
#8f8177,fungi,#FFFF00
#bdb6ab,silver-lining,#FFFF00
#c2beb6,moonstruck,#FFFF00
#aeaca1,pussywillow-gray,#FFFF00
#a29e92,london-fog,#FFFF00
#918c86,rock-ridge,#FFFF00
#80817d,moon-mist,#FFFF00
#646762,castor-gray,#00FF00
#c5c6c7,glacier-gray,#00FFFF
#c5c5c5,lunar-rock,#FFFF00
#cacccb,dawn-blue,#00FFFF
#bbbcbc,gray-violet,#00FFFF
#bebdbd,vapor-blue,#FFFF00
#aeb2b5,high-rise,#00FFFF
#989a98,limestone,#FFFF00
#beb7b0,silver-cloud,#FFFF00
#b3ada7,dove,#FFFF00
#a09c98,flint-gray,#FFFF00
#a09f9c,drizzle,#FFFF00
#8f8982,elephant-skin,#FFFF00
#8a7e78,cinder,#FF0000
#827e7c,steeple-gray,#FF0000
#babfbc,metal,#00FFFF
#b9bcb6,blue-fox,#FFFF00
#b5bab6,storm-gray,#00FFFF
#a9afaa,pigeon,#00FFFF
#abafae,mirage-gray,#00FFFF
#a8b0ae,puritan-gray,#00FFFF
#999e98,wrought-iron,#FFFF00
#a49e9e,opal-gray,#FFFF00
#8b8c89,wild-dove,#FFFF00
#8e918f,neutral-gray,#00FFFF
#686767,gargoyle,#FF0000
#656466,smoked-pearl,#0000FF
#686d6c,sedona-sage,#00FF00
#5c5d5b,gunmetal,#00FF00
#cac5c2,wind-chime,#FFFF00
#9f9c99,paloma,#FFFF00
#6c6868,charcoal-gray,#FF0000
#726f70,steel-gray,#FF0000
#666564,pewter,#FF0000
#5f5e62,castlerock,#0000FF
#46434a,nine-iron,#0000FF
#a09998,ash,#FFFF00
#837f7f,cloudburst,#FF0000
#848283,frost-gray,#FF00FF
#676168,excalibur,#0000FF
#625d5d,dark-gull-gray,#FF0000
#5f575c,rabbit,#FF0000
#4a3f41,shale,#FF0000
#806f63,fossil,#FF0000
#5b5149,major-brown,#FF0000
#685a4e,chocolate-chip,#FF0000
#5e5347,canteen,#FF0000
#685e4f,stone-gray,#FF0000
#695e4b,capers,#FF0000
#5b4f3b,beech,#FF0000
#5a5348,tarmac,#FF0000
#4a4139,wren,#FF0000
#48413b,black-olive,#FF0000
#4a4843,beluga,#FF0000
#44413c,black-ink,#FF0000
#3b3a36,peat,#FF0000
#262c2a,jet-set,#00FF00
#736460,iron,#FF0000
#625b5c,plum-kitten,#FF0000
#483f39,turkish-coffee,#FF0000
#3b302f,black-coffee,#FF0000
#3c3535,after-dark,#FF0000
#3a3536,licorice,#FF0000
#413e3d,raven,#FF0000
#2d2c2f,jet-black,#0000FF
#39373b,phantom,#0000FF
#2b2c30,stretch-limo,#0000FF
#2f2d30,moonless-night,#0000FF
#292a2d,caviar,#0000FF
#363838,pirate-black,#00FF00
#28282d,anthracite,#0000FF
#f4d8c6,vanilla-cream,#FFFF00
#ebd2b7,dawn,#FFFF00
#e5ccaf,gray-sand,#FFFF00
#eed0ae,autumn-blonde,#FFFF00
#e2c4a6,apricot-illusion,#FFFF00
#d8b998,mellow-buff,#FFFF00
#dab58f,sheepskin,#FFFF00
#ccb390,almond-buff,#FFFF00
#d5ba98,beige,#FFFF00
#cca67f,sand,#FFFF00
#c5a582,latte,#FFFF00
#b69574,tan,#FFFF00
#b98e68,doe,#FFFF00
#ad8567,indian-tan,#FFFF00
#baaa91,safari,#FFFF00
#bfa387,candied-ginger,#FFFF00
#c5ae91,warm-sand,#FFFF00
#c1a68d,cuban-sand,#FFFF00
#b69885,nougat,#FFFF00
#aa907d,natural,#FFFF00
#b49f89,nomad,#FFFF00
#d8cfb2,frozen-dew,#FFFF00
#daccb4,bleached-sand,#FFFF00
#cab698,pebble,#FFFF00
#c4ab86,croissant,#FFFF00
#af9a7e,incense,#FFFF00
#a9947a,cornstalk,#FFFF00
#a68a6d,tannin,#FFFF00
#cac4a4,green-haze,#FFFF00
#c7b595,mojave-desert,#FFFF00
#bfa77f,taos-taupe,#FFFF00
#b89b72,lark,#FFFF00
#988467,kelp,#FFFF00
#907954,antique-bronze,#FF0000
#8a6f48,dull-gold,#FF0000
#a17249,brown-sugar,#FF0000
#976f4c,chipmunk,#FF0000
#9a7352,tobacco-brown,#FF0000
#6e4f3a,bison,#FF0000
#704822,monks-robe,#FF0000
#704f37,dachshund,#FF0000
#755139,toffee,#FF0000
#7a5747,aztec,#FF0000
#6c5043,cocoa-brown,#FF0000
#725440,partridge,#FF0000
#6e493a,friar-brown,#FF0000
#684b40,mustang,#FF0000
#61473b,pinecone,#FF0000
#54392d,potting-soil,#FF0000
#836b4f,ermine,#FF0000
#7f674f,otter,#FF0000
#725e43,kangaroo,#FF0000
#6b543e,sepia,#FF0000
#6a513b,coffee-liqueur,#FF0000
#5a4632,desert-palm,#FF0000
#655341,teak,#FF0000
#736253,shitake,#FF0000
#6e5c4b,cub,#FF0000
#5d473a,carafe,#FF0000
#5c4939,dark-earth,#FF0000
#4b3d33,slate-black,#FF0000
#4e403b,chocolate-brown,#FF0000
#40342b,demitasse,#FF0000
#7b6660,deep-taupe,#FF0000
#5a4743,shopping-bag,#FF0000
#584039,chestnut,#FF0000
#4f3f3b,bracken,#FF0000
#493b39,seal-brown,#FF0000
#433331,java,#FF0000
#40312f,coffee-bean,#FF0000
#e9d4c3,mother-of-pearl,#FFFF00
#e9d1bf,pastel-rose-tan,#FFFF00
#e7cfbd,novelle-peach,#FFFF00
#ebd1bb,sun-kiss,#FFFF00
#dac0a7,ivory-cream,#FFFF00
#d8c0ad,shifting-sand,#FFFF00
#ddbca0,appleblossom,#FFFF00
#ece1d3,eggnog,#FFFF00
#e4c7b8,cream-tan,#FFFF00
#decdbe,sand-dollar,#FFFF00
#cebaa8,smoke-gray,#FFFF00
#bdab9b,doeskin,#FFFF00
#baa38b,sesame,#FFFF00
#b19d8d,light-taupe,#FFFF00
#af9483,warm-taupe,#FFFF00
#a58d7f,stucco,#FFFF00
#a78c8b,almondine,#FFFF00
#a28776,chanterelle,#FFFF00
#977d70,ginger-snap,#FF0000
#947764,woodsmoke,#FF0000
#9f8672,amphora,#FFFF00
#c5b1a0,moonlight,#FFFF00
#d1b7a0,frappe,#FFFF00
#c2a594,rugby-tan,#FFFF00
#b09080,roebuck,#FFFF00
#ad8b75,praline,#FFFF00
#997867,beaver-fur,#FF0000
#d2b49c,toasted-almond,#FFFF00
#ae856c,tawny-birch,#FFFF00
#b38b71,macaroon,#FFFF00
#ab856f,tawny-brown,#FFFF00
#b0846a,camel,#FFFF00
#ca9978,toast,#FFFF00
#c08768,toasted-nut,#FFFF00
#f2d3bc,nude,#FFFF00
#f8d5b8,tender-peach,#FFFF00
#f1ceb3,alesan,#FFFF00
#fed1bd,pale-peach,#FFFF00
#efcfba,peach-puree,#FFFF00
#f4c9b1,bellini,#FFFF00
#e2bea2,amberlight,#FFFF00
#f0d8cc,peach-dust,#FFFF00
#edd2c0,linen,#FFFF00
#fbd8c9,scallop-shell,#FFFF00
#f2d8cd,soft-pink,#FFFF00
#edcdc2,pale-dogwood,#FFFF00
#e7cfc7,silver-peony,#FFFF00
#cdb2a5,rose-dust,#FFFF00
#e1cfc6,shell,#FFFF00
#dacbbe,whisper-pink,#FFFF00
#dbcbbd,pink-tint,#FFFF00
#ddb6ab,evening-sand,#FFFF00
#c39d88,sirocco,#FFFF00
#b99984,brush,#FFFF00
#ae8774,cafe-au-lait,#FFFF00
#d7b8ab,cameo-rose,#FFFF00
#e4bfb3,pale-blush,#FFFF00
#dbb0a2,rose-cloud,#FFFF00
#dfbaa9,spanish-villa,#FFFF00
#c9a38d,maple-sugar,#FFFF00
#be9785,tuscany,#FFFF00
#ba8671,cork,#FFFF00
#edcab5,bisque,#FFFF00
#e5b39b,almost-apricot,#FFFF00
#dfb19b,pink-sand,#FFFF00
#e6af91,peach-nougat,#FFFF00
#d99b7c,peach-bloom,#FFFF00
#d29b83,dusty-coral,#FFFF00
#c79685,cafe-creme,#FFFF00
#bd8b69,sandstorm,#FFFF00
#c68f65,butterum,#FFFF00
#b4835b,biscuit,#FFFF00
#a47149,cashew,#FF0000
#a7754d,almond,#FF0000
#a0714f,lion,#FF0000
#936b4f,thrush,#FF0000
#a47864,mocha-mousse,#FF0000
#a36e51,pecan-brown,#FF0000
#ae7250,hazel,#FF0000
#a66e4a,bran,#FF0000
#a3623b,adobe,#FF0000
#97572b,leather-brown,#FF0000
#91552b,glazed-ginger,#FF0000
#c48a69,sandstone,#FFFF00
#c37c54,caramel,#FF0000
#a66646,amber-brown,#FF0000
#985c41,sierra,#FF0000
#8c4a2f,ginger-bread,#FF0000
#8c543a,mocha-bisque,#FF0000
#754734,tortoise-shell,#FF0000
#c68463,pheasant,#FFFF00
#b37256,sunburn,#FF0000
#b9714f,raw-sienna,#FF0000
#b56a4c,autumn-leaf,#FF0000
#bd5745,mecca-orange,#FF0000
#b55a30,rust,#FF0000
#9f5130,bombay-brown,#FF0000
#d2c2ac,frosted-almond,#FFFF00
#b39f8d,gilded-beige,#FFFF00
#bd9865,pale-gold,#FFFF00
#c8b273,rich-gold,#FFFF00
#c47e5a,copper,#FF0000
#ba6b57,copper-coin,#FF0000
#a2a2a1,silver,#FFFF00
#92705f,raw-umber,#FF0000
#8f7265,brownie,#FF0000
#7e5e52,acorn,#FF0000
#876155,clove,#FF0000
#855c4c,carob-brown,#FF0000
#8f5f50,russet,#FF0000
#865e49,rawhide,#FF0000
#98594b,chutney,#FF0000
#9c5642,baked-clay,#FF0000
#9a6051,copper-brown,#FF0000
#834f3d,brown-patina,#FF0000
#855141,rustic-brown,#FF0000
#874e3c,coconut-shell,#FF0000
#804839,sequoia,#FF0000
#714a41,root-beer,#FF0000
#664238,brunette,#FF0000
#6e403c,sable,#FF0000
#6b4139,cinnamon,#FF0000
#63403a,fudgesickle,#FF0000
#734b42,mink,#FF0000
#633f33,cappuccino,#FF0000
#8b645a,cognac,#FF0000
#7e5c54,nutmeg,#FF0000
#58423f,french-roast,#FF0000
#553b39,deep-mahogany,#FF0000
#583432,rum-raisin,#FF0000
#593c39,brown-stone,#FF0000
#503130,bitter-chocolate,#FF0000
#824d46,mahogany,#FF0000
#7c423c,henna,#FF0000
#884332,arabian-spice,#FF0000
#683b39,hot-chocolate,#FF0000
#743332,russet-brown,#FF0000
#6a3331,madder-brown,#FF0000
#603535,andorra,#FF0000
#f3e6c9,afterglow,#FFFF00
#f4ecc2,transparent-yellow,#FFFF00
#f3e0ac,double-cream,#FFFF00
#edd59e,sunlight,#FFFF00
#e0c992,straw,#FFFF00
#dabe81,jojoba,#FFFF00
#d1b272,rattan,#FFFF00
#d1be9b,boulder,#FFFF00
#d8c9a3,sea-mist,#FFFF00
#dcc99e,reed-yellow,#FFFF00
#d9caa5,chino-green,#FFFF00
#d6c69a,parsnip,#FFFF00
#d4cc9a,dusty-yellow,#FFFF00
#bbaa7e,silver-fern,#FFFF00
#dcd494,lemon-grass,#FFFF00
#dac483,raffia,#FFFF00
#d5cd94,golden-mist,#FFFF00
#cfbb7b,pampas,#FFFF00
#d2b04c,bamboo,#FFFF00
#bca949,cress-green,#FFFF00
#a98b2d,olive-oil,#FFFF00
#ccb97e,dried-moss,#FFFF00
#cec153,celery,#FFFF00
#dacd65,acacia,#FFFF00
#ddb614,sulphur,#FFFF00
#c4a647,oil-yellow,#FFFF00
#ae8e2c,green-sulphur,#FFFF00
#aa8805,golden-palm,#FFFF00
#c9b27c,cocoon,#FFFF00
#c0ad7c,hemp,#FFFF00
#bca66a,southern-moss,#FFFF00
#c1a65c,olivenite,#FFFF00
#bdb369,golden-green,#FFFF00
#b59e5f,antique-gold,#FFFF00
#aa9855,burnished-gold,#FFFF00
#efe1a7,french-vanilla,#FFFF00
#f2e6b1,pastel-yellow,#FFFF00
#ededb7,tender-yellow,#FFFF00
#ede9ad,wax-yellow,#FFFF00
#f0e79d,lemonade,#FFFF00
#eeea97,elfin-yellow,#FFFF00
#f0e87d,limelight,#FFFF00
#e3cc81,dusky-citron,#FFFF00
#d1c87c,muted-lime,#FFFF00
#d2cc81,endive,#FFFF00
#e5d68e,custard,#FFFF00
#dfd87e,canary-yellow,#FFFF00
#efdc75,yellow-cream,#FFFF00
#dec05f,cream-gold,#FFFF00
#eddd59,aurora,#FFFF00
#d9ce52,green-sheen,#FFFF00
#eec843,maize,#FFFF00
#fee715,blazing-yellow,#FFFF00
#fae03c,buttercup,#FFFF00
#f7d000,empire-yellow,#FFFF00
#f3bf08,lemon,#FFFF00
#f0c05a,mimosa,#FFFF00
#ffd662,aspen-gold,#FFFF00
#ffd02e,dandelion,#FFFF00
#ffda29,vibrant-yellow,#FFFF00
#ffd400,cyber-yellow,#FFFF00
#f3c12c,freesia,#FFFF00
#ffc300,lemon-chrome,#FFFF00
#f0dd9d,mellow-yellow,#FFFF00
#fae199,pale-banana,#FFFF00
#f8de8d,popcorn,#FFFF00
#fade85,sunshine,#FFFF00
#fdd878,lemon-drop,#FFFF00
#f6d155,primrose-yellow,#FFFF00
#e4bf45,super-lemon,#FFFF00
#dab965,misted-yellow,#FFFF00
#c5a253,sauterne,#FFFF00
#ba9238,honey,#FFFF00
#bc8d1f,arrowwood,#FFFF00
#c4962c,tawny-olive,#FFFF00
#d4ae40,ceylon-yellow,#FFFF00
#cda323,lemon-curry,#FFFF00
#c9a86a,fall-leaf,#FFFF00
#b19664,antelope,#FFFF00
#b08e51,mustard-gold,#FFFF00
#b68a3a,harvest-gold,#FFFF00
#c89720,nugget-gold,#FFFF00
#c6973f,golden-spice,#FFFF00
#cb8e16,golden-yellow,#FFFF00
#d6af66,ochre,#FFFF00
#c3964d,tinsel,#FFFF00
#cf9f52,bright-gold,#FFFF00
#d1a054,honey-gold,#FFFF00
#c19552,amber-gold,#FFFF00
#d39c43,mineral-yellow,#FFFF00
#c39449,narcissus,#FFFF00
#d8c09d,marzipan,#FFFF00
#be9e6f,curry,#FFFF00
#b59a6a,prairie-sand,#FFFF00
#b68f52,honey-mustard,#FFFF00
#a47d43,wood-thrush,#FF0000
#91672f,golden-brown,#FF0000
#825e2f,bronze-brown,#FF0000
#b0885a,apple-cinnamon,#FFFF00
#9d7446,bone-brown,#FF0000
#97754c,dijon,#FF0000
#98754a,bistre,#FF0000
#977547,medal-bronze,#FF0000
#927240,cumin,#FF0000
#795d34,breen,#FF0000
#fed777,snapdragon,#FFFF00
#ffcf73,banana-cream,#FFFF00
#fdc04e,daffodil,#FFFF00
#e2b051,yolk-yellow,#FFFF00
#e2a829,golden-rod,#FFFF00
#eca825,old-gold,#FFFF00
#f7b718,spectra-yellow,#FFFF00
#fbd897,golden-haze,#FFFF00
#dfc08a,sahara-sun,#FFFF00
#d7b57f,new-wheat,#FFFF00
#edc373,cornsilk,#FFFF00
#f1bf70,buff-yellow,#FFFF00
#f7c46c,sunset-gold,#FFFF00
#f7b768,golden-cream,#FFFF00
#f8ce97,impala,#FFFF00
#ffc87d,flax,#FFFF00
#ffc66e,pale-marigold,#FFFF00
#fab75a,amber-yellow,#FFFF00
#efad55,amber,#FFFF00
#dda758,golden-apricot,#FFFF00
#eba851,beeswax,#FFFF00
#fcb953,banana,#FFFF00
#f9ac2f,citrus,#FFFF00
#d99938,golden-glow,#FFFF00
#f2ab46,artisans-gold,#FFFF00
#d39237,sunflower,#FFFF00
#a76f1f,buckthorn-brown,#FF0000
#99642c,cathay-spice,#FF0000
#c39b6a,taffy,#FFFF00
#cf9c63,oak-buff,#FFFF00
#ca9456,honey-yellow,#FFFF00
#be8a4a,spruce-yellow,#FFFF00
#bb7a2c,inca-gold,#FF0000
#ac6b29,sudan-brown,#FF0000
#815b37,rubber,#FF0000
#dec5a5,wheat,#FFFF00
#dcbd9e,honey-peach,#FFFF00
#e3bc8e,desert-dust,#FFFF00
#e6bd8f,golden-straw,#FFFF00
#ebc396,buff,#FFFF00
#e0b589,desert-mist,#FFFF00
#d2a172,clay,#FFFF00
#f2d1a0,golden-fleece,#FFFF00
#facd9e,apricot-sherbet,#FFFF00
#f6c289,sunburst,#FFFF00
#f1bd89,apricot-cream,#FFFF00
#ffbb7c,buff-orange,#FFFF00
#f7b26a,chamois,#FFFF00
#ffb865,warm-apricot,#FFFF00
#fadc53,marigold,#FFFF00
#db9b59,golden-nugget,#FFFF00
#e19640,butterscotch,#FFFF00
#cf8848,nugget,#FFFF00
#d18e54,buckskin,#FFFF00
#d0893f,yam,#FFFF00
#be752d,golden-oak,#FF0000
#ffb000,gold-fusion,#FFFF00
#ffa500,saffron,#FFFF00
#ee9626,cadmium-yellow,#FFFF00
#ffa010,zinnia,#FFFF00
#fc9e21,radiant-yellow,#FFFF00
#f19035,apricot,#FFFF00
#e08119,dark-cheddar,#FFFF00
#fbbe99,apricot-ice,#FFFF00
#ecaa79,apricot-nectar,#FFFF00
#dd9c6b,gold-earth,#FFFF00
#dd9760,apricot-tan,#FFFF00
#d08344,topaz,#FFFF00
#c77943,golden-ochre,#FF0000
#cd7e4d,apricot-buff,#FF0000
#ffb181,peach-cobbler,#FFFF00
#feaa7b,salmon-buff,#FFFF00
#f5a26f,pumpkin,#FFFF00
#ffa368,mock-orange,#FFFF00
#ec935e,muskmelon,#FFFF00
#de8e65,copper-tan,#FFFF00
#d27d56,coral-gold,#FF0000
#e47127,russet-orange,#FF0000
#dc793a,orange-ochre,#FF0000
#dc793e,amberglow,#FF0000
#d86d39,jaffa-orange,#FF0000
#c86b3c,apricot-orange,#FF0000
#c86733,burnt-orange,#FF0000
#d56231,harvest-pumpkin,#FF0000
#ffa64f,blazing-orange,#FFFF00
#fb8b23,flame-orange,#FFFF00
#ff8d00,bright-marigold,#FFFF00
#ff8812,autumn-glory,#FFFF00
#f48037,sun-orange,#FFFF00
#f47327,persimmon-orange,#FF0000
#ff7913,orange-popsicle,#FF0000
#f38554,autumn-sunset,#FFFF00
#f88f58,tangerine,#FFFF00
#ff8c55,bird-of-paradise,#FFFF00
#fa7a35,orange-peel,#FF0000
#ec6a37,mandarin-orange,#FF0000
#f56733,golden-poppy,#FF0000
#ff7420,vibrant-orange,#FF0000
#ff8656,nectarine,#FFFF00
#f3774d,coral-rose,#FF0000
#fd6f3b,carrot,#FF0000
#f36944,firecracker,#FF0000
#f05627,red-orange,#FF0000
#f9633b,vermillion-orange,#FF0000
#f2552c,flame,#FF0000
#ffcda8,creampuff,#FFFF00
#fccaac,bleached-apricot,#FFFF00
#f4c29f,almond-cream,#FFFF00
#fbb995,beach-sand,#FFFF00
#f8c19a,cream-blush,#FFFF00
#f4ba94,caramel-cream,#FFFF00
#ffbe98,peach-fuzz,#FFFF00
#ffbb9e,prairie-sunset,#FFFF00
#edaa86,coral-sands,#FFFF00
#fbac82,apricot-wash,#FFFF00
#e1927a,canyon-sunset,#FFFF00
#ce7b5b,brandied-melon,#FF0000
#ce785d,carnelian,#FF0000
#b75e41,mango,#FF0000
#f2a987,peach,#FFFF00
#ffa177,cantaloupe,#FFFF00
#faa181,coral-reef,#FFFF00
#ea9575,shell-coral,#FFFF00
#f99471,cadmium-orange,#FFFF00
#fe8863,melon,#FFFF00
#e27a53,dusty-orange,#FF0000
#d16f52,arabesque,#FF0000
#ca6c56,langoustino,#FF0000
#c96551,ginger,#FF0000
#df7253,flamingo,#FF0000
#c25a3c,orange-rust,#FF0000
#bb4f35,burnt-ochre,#FF0000
#be5141,chili,#FF0000
#b65d48,ginger-spice,#FF0000
#b3573f,autumn-glaze,#FF0000
#a15843,auburn,#FF0000
#8d3f2d,picante,#FF0000
#9f4440,tandori-spice,#FF0000
#9c453b,cinnabar,#FF0000
#973a36,bossa-nova,#FF0000
#ffc4b2,tropical-peach,#FFFF00
#f8bfa8,peach-parfait,#FFFF00
#e8a798,coral-pink,#FFFF00
#deaa9b,dusty-pink,#FFFF00
#d29380,muted-clay,#FFFF00
#e29a86,shrimp,#FFFF00
#d37f6f,tawny-orange,#FF0000
#e38e84,coral-haze,#FFFF00
#ce8477,canyon-clay,#FFFF00
#d38377,terra-cotta,#FFFF00
#bd7b74,desert-sand,#FF0000
#ad6d68,light-mahogany,#FF0000
#a1655b,cedar-wood,#FF0000
#a26666,withered-rose,#FF0000
#c2877b,rose-dawn,#FFFF00
#b5817d,ash-rose,#FFFF00
#b47b77,old-rose,#FF0000
#b07069,brick-dust,#FF0000
#af6c67,canyon-rose,#FF0000
#ad5d5d,dusty-cedar,#FF0000
#964f4c,marsala,#FF0000
#c26a5a,apricot-brandy,#FF0000
#b06455,aragon,#FF0000
#ab4f41,hot-sauce,#FF0000
#a75949,bruschetta,#FF0000
#a2574b,etruscan-red,#FF0000
#a6594c,redwood,#FF0000
#a14d3a,burnt-brick,#FF0000
#bf6464,faded-rose,#FF0000
#b34646,baked-apple,#FF0000
#a4292e,pompeian-red,#FF0000
#9a382d,ketchup,#FF0000
#913832,red-ochre,#FF0000
#8f423b,barn-red,#FF0000
#7e392f,burnt-henna,#FF0000
#ffb2a5,peach-pearl,#FFFF00
#fbbdaf,peach-melba,#FFFF00
#feaea5,apricot-blush,#FFFF00
#fdb2ab,peach-bud,#FFFF00
#e29d94,coral-almond,#FFFF00
#dd9289,lobster-bisque,#FFFF00
#da7e7a,lantana,#FF0000
#ffb59b,peach-nectar,#FFFF00
#faaa94,salmon,#FFFF00
#fb9f93,peach-amber,#FFFF00
#ff9687,desert-flower,#FFFF00
#fa9a85,peach-pink,#FFFF00
#e9897e,burnt-coral,#FFFF00
#d77e70,crabapple,#FF0000
#fca289,papaya-punch,#FFFF00
#ff8576,fusion-coral,#FFFF00
#ff7f6a,fresh-salmon,#FF0000
#f67866,persimmon,#FF0000
#ed7464,coral,#FF0000
#ff6f61,living-coral,#FF0000
#f35b53,hot-coral,#FF0000
#f88180,shell-pink,#FFFF00
#f97272,georgia-peach,#FF0000
#f56c73,sugar-coral,#FF0000
#f25f66,dubarry,#FF0000
#ea6b6a,porcelain-rose,#FF0000
#d75c5d,spiced-coral,#FF0000
#d9615b,deep-sea-coral,#FF0000
#dc5b62,rose-of-sharon,#FF0000
#e04951,cayenne,#FF0000
#dd3848,hibiscus,#FF0000
#cb3441,poinsettia,#FF0000
#be454f,chrysanthemum,#FF0000
#bb4a4d,cranberry,#FF0000
#ad3e48,cardinal,#FF0000
#e2583e,tigerlily,#FF0000
#df3f32,grenadine,#FF0000
#e74a33,mandarin-red,#FF0000
#dd4132,fiesta,#FF0000
#eb3c27,cherry-tomato,#FF0000
#da321c,orange-com,#FF0000
#d73c26,spicy-orange,#FF0000
#f6745f,camellia,#FF0000
#fe6347,nasturtium,#FF0000
#ea6759,emberglow,#FF0000
#c65d52,burnt-sienna,#FF0000
#ce4d42,paprika,#FF0000
#c2452d,red-clay,#FF0000
#b5332e,molten-lava,#FF0000
#d93744,bittersweet,#FF0000
#dc343b,poppy-red,#FF0000
#ce2939,tomato,#FF0000
#d01c1f,fiery-red,#FF0000
#cd212a,flame-scarlet,#FF0000
#c71f2d,high-risk-red,#FF0000
#b93a32,aurora-red,#FF0000
#bb363f,rococco-red,#FF0000
#c53346,tomato-puree,#FF0000
#cc1c3b,lollipop,#FF0000
#bb1237,ski-patrol,#FF0000
#bc2b3d,scarlet,#FF0000
#b31a38,lipstick-red,#FF0000
#ae0e36,crimson,#FF0000
#bd162c,racing-red,#FF0000
#bc2731,mars-red,#FF0000
#ac0e2e,tango-red,#FF0000
#be132d,chinese-red,#FF0000
#b92636,ribbon-red,#FF0000
#bf1932,true-red,#FF0000
#9b1b30,chili-pepper,#FF0000
#efa6aa,quartz-pink,#FF00FF
#eea0a6,pink-icing,#FF00FF
#f2b2ae,blossom,#FFFF00
#f4a6a3,peaches-n-cream,#FFFF00
#f8a39d,candlelight-peach,#FFFF00
#e78b90,strawberry-ice,#FF00FF
#de8286,peach-blossom,#FF00FF
#f7969e,flamingo-pink,#FF00FF
#e6798e,confetti,#FF00FF
#ea738d,bubblegum,#FF00FF
#ee6d8a,pink-lemonade,#FF00FF
#eb6081,camellia-rose,#FF00FF
#d16277,rapture-rose,#FF0000
#cf6977,desert-rose,#FF0000
#f6909d,geranium-pink,#FF00FF
#fc8f9b,conch-shell,#FF00FF
#ff8d94,salmon-rose,#FF00FF
#f57f8e,strawberry-pink,#FF00FF
#ea6676,sunkist-coral,#FF0000
#ee5c6c,calypso-coral,#FF0000
#dc7178,tea-rose,#FF0000
#da3d58,geranium,#FF0000
#e4445e,paradise-pink,#FF0000
#dc3855,teaberry,#FF0000
#e24666,rouge-red,#FF0000
#d32e5e,raspberry,#FF0000
#d42e5b,azalea,#FF0000
#c6174e,virtual-pink,#FF0000
#c84c61,claret-red,#FF0000
#b63753,raspberry-wine,#FF0000
#c92351,rose-red,#FF0000
#bf1945,barberry,#FF0000
#c51959,bright-rose,#FF0000
#a21441,persian-red,#FF0000
#a41247,cerise,#FF0000
#efc1d6,pink-lady,#FF00FF
#e9adca,lilac-sachet,#FF00FF
#f0a1bf,prism-pink,#FF00FF
#ec9abe,begonia-pink,#FF00FF
#df88b7,fuchsia-pink,#FF00FF
#e290b2,rosebloom,#FF00FF
#ca628f,ibis-rose,#FF00FF
#f18aad,sachet-pink,#FF00FF
#d979a2,wild-orchid,#FF00FF
#e881a6,aurora-pink,#FF00FF
#d2738f,chateau-rose,#FF00FF
#ee819f,morning-glory,#FF00FF
#e96a97,azalea-pink,#FF00FF
#de5b8c,shocking-pink,#FF00FF
#e55982,hot-pink,#FF00FF
#e04f80,fandango-pink,#FF00FF
#d94f70,honeysuckle,#FF0000
#d2386c,raspberry-sorbet,#FF0000
#bc4869,carmine,#FF0000
#c74375,fuchsia-rose,#FF0000
#cf2d71,beetroot-purple,#FF0000
#ed7a9e,pink-carnation,#FF00FF
#e35b8f,carmine-rose,#FF00FF
#d23c77,magenta,#FF0000
#d3507a,pink-flambe,#FF0000
#d33479,fuchsia-purple,#FF0000
#bd4275,lilac-rose,#FF0000
#b73275,very-berry,#FF0000
#ce6ba4,super-pink,#FF00FF
#ce5e9a,phlox-pink,#FF00FF
#cc4385,raspberry-rose,#FF00FF
#c0428a,rose-violet,#FF00FF
#ab3475,fuchsia-red,#FF0000
#a83e6c,cactus-flower,#FF0000
#9d446e,magenta-haze,#FF0000
#f4e1e6,shrinking-violet,#FF00FF
#eed4d9,primrose-pink,#FF00FF
#dcb1af,silver-pink,#FFFF00
#ecb2b3,powder-pink,#FF00FF
#d18489,mauveglow,#FF00FF
#ca848a,brandied-apricot,#FF00FF
#ba797d,dusty-rose,#FF0000
#ecd6d6,mauve-morn,#FFFF00
#e5d0cf,mauve-chalk,#FFFF00
#f9dbd8,pearl,#FFFF00
#d69fa2,bridal-rose,#FF00FF
#d1969a,blush,#FF00FF
#b35a66,baroque-rose,#FF0000
#b45865,slate-rose,#FF0000
#b35457,mineral-red,#FF0000
#ac4b55,garnet-rose,#FF0000
#b44e5d,holly-berry,#FF0000
#a73340,american-beauty,#FF0000
#9e1030,jester-red,#FF0000
#8a2232,rio-red,#FF0000
#7c2439,rumba-red,#FF0000
#95424e,earth-red,#FF0000
#973443,deep-claret,#FF0000
#953640,garnet,#FF0000
#8c373e,brick-red,#FF0000
#813639,rosewood,#FF0000
#782a39,tibetan-red,#FF0000
#77212e,biking-red,#FF0000
#844b4d,apple-butter,#FF0000
#70393f,oxblood-red,#FF0000
#884344,cowhide,#FF0000
#7e3940,burnt-russet,#FF0000
#77333b,ruby-wine,#FF0000
#702f3b,cordovan,#FF0000
#5c2c35,tawny-port,#FF0000
#f7d5cc,creole-pink,#FFFF00
#e4ccc6,peach-blush,#FFFF00
#f5d1c8,cloud-pink,#FFFF00
#f8cdc9,veiled-rose,#FFFF00
#f4cec5,pearl-blush,#FFFF00
#f4c6c3,english-rose,#FFFF00
#e2c1c0,lotus,#FFFF00
#f6dbd8,rosewater,#FFFF00
#dbbeb7,peach-whip,#FFFF00
#d3b4ad,rose-smoke,#FFFF00
#e2a9a1,coral-cloud,#FFFF00
#caa39a,misty-rose,#FFFF00
#d3a297,peach-beige,#FFFF00
#c08a80,cameo-brown,#FFFF00
#f7c8c2,seashell-pink,#FFFF00
#eec4be,chintz-rose,#FFFF00
#ffc4bc,impatiens-pink,#FFFF00
#dfb8b6,peachskin,#FFFF00
#d9a6a1,mellow-rose,#FFFF00
#d19c97,rose-tan,#FFFF00
#ce8e8b,rosette,#FFFF00
#a75d67,mauvewood,#FF0000
#a4596d,rose-wine,#FF0000
#9f5069,malaga,#FF0000
#8c4759,dry-rose,#FF0000
#884c5e,hawthorn-rose,#FF0000
#834655,maroon,#FF0000
#7c4c53,wild-ginger,#FF0000
#982551,sangria,#FF0000
#962d49,red-bud,#FF0000
#80304c,beaujolais,#FF0000
#842c48,anemone,#FF0000
#7a1f3d,beet-red,#FF0000
#7c2946,red-plum,#FF0000
#722b3f,rhododendron,#FF0000
#f8d7dd,barely-pink,#FF00FF
#fbd3d9,blushing-bride,#FF00FF
#edd0dd,cradle-pink,#FF00FF
#e1c6cc,pale-lilac,#FF00FF
#e6c5ca,chalk-pink,#FF00FF
#dec6d3,light-lilac,#FF00FF
#d8aab7,pink-nectar,#FF00FF
#f4dede,heavenly-pink,#FFFF00
#e7c9ca,potpourri,#FF00FF
#edd0ce,crystal-pink,#FFFF00
#f7d1d1,pink-dogwood,#FFFF00
#fdc3c6,crystal-rose,#FF00FF
#f4c3c4,strawberry-cream,#FF00FF
#fac8c3,gossamer-pink,#FFFF00
#f9c2cd,rose-shadow,#FF00FF
#f3bbca,orchid-pink,#FF00FF
#f5bec7,almond-blossom,#FF00FF
#e6b2b8,coral-blush,#FF00FF
#f5b0bd,candy-pink,#FF00FF
#ed9ca8,peony,#FF00FF
#de98ab,sea-pink,#FF00FF
#ce879f,cashmere-rose,#FF00FF
#ce8498,wild-rose,#FF00FF
#d294aa,orchid-smoke,#FF00FF
#c28799,polignac,#FF00FF
#b88995,lilas,#FF00FF
#b58299,mauve-orchid,#FF00FF
#b0879b,orchid-haze,#FF00FF
#e9c3cf,parfait-pink,#FF00FF
#e6bccd,pink-mist,#FF00FF
#dba9b8,cameo-pink,#FF00FF
#e8b5ce,sweet-lilac,#FF00FF
#d9afca,pink-lavender,#FF00FF
#d8a1c4,pastel-lavender,#FF00FF
#d198c5,orchid,#FF00FF
#de9bc4,lilac-chiffon,#FF00FF
#d28fb0,moonlite-mauve,#FF00FF
#d687ba,cyclamen,#FF00FF
#ca80b1,opera-mauve,#FF00FF
#c67fae,crocus,#FF00FF
#a76c97,mulberry,#FF00FF
#944e87,striking-purple,#FF00FF
#c17fb5,violet,#FF00FF
#a767a2,iris-orchid,#FF00FF
#ad5e99,radiant-orchid,#FF00FF
#ba69a1,spring-crocus,#FF00FF
#a9568c,meadow-mauve,#FF00FF
#864d75,amethyst,#FF0000
#6b264b,magenta-purple,#FF0000
#b65f9a,rosebud,#FF00FF
#ad4d8c,purple-orchid,#FF00FF
#9e2c6a,festival-fuchsia,#FF0000
#973c6c,baton-rouge,#FF0000
#85325c,boysenberry,#FF0000
#802a50,raspberry-radiance,#FF0000
#692746,purple-potion,#FF0000
#a64f82,dahlia-mauve,#FF00FF
#993c7c,vivid-viola,#FF0000
#92316f,wild-aster,#FF0000
#903f75,deep-orchid,#FF0000
#8a3371,clover,#FF0000
#8c3573,purple-wine,#FF0000
#823270,hollyhock,#FF0000
#8d4687,hyacinth-violet,#FF00FF
#843e83,dahlia,#FF00FF
#773376,sparkling-grape,#FF0000
#853b7b,byzantium,#FF0000
#692d5d,phlox,#FF0000
#682961,grape-juice,#FF0000
#622e5a,gloxinia,#FF0000
#d7cbc4,crystal-gray,#FFFF00
#bdaca3,mushroom,#FFFF00
#bba5a0,shadow-gray,#FFFF00
#ab9895,sphinx,#FFFF00
#a99592,bark,#FFFF00
#ae9490,fawn,#FFFF00
#ba9f99,adobe-rose,#FFFF00
#c6a4a4,pale-mauve,#FFFF00
#ae8c8e,woodrose,#FF00FF
#af9294,deauville-mauve,#FF00FF
#8b6f70,twilight-mauve,#FF0000
#806062,rose-taupe,#FF0000
#80565b,rose-brown,#FF0000
#885157,roan-rouge,#FF0000
#957a76,antler,#FF0000
#6c5656,peppercorn,#FF0000
#524144,raisin,#FF0000
#5b4349,huckleberry,#FF0000
#5d3c43,catawba-grape,#FF0000
#503938,puce,#FF0000
#493338,fudge,#FF0000
#c5a193,mahogany-rose,#FFFF00
#9b716b,burlwood,#FF0000
#6e4c4b,marron,#FF0000
#513235,decadent-chocolate,#FF0000
#60373d,red-mahogany,#FF0000
#58363d,vineyard-wine,#FF0000
#492a34,winetasting,#FF0000
#663336,port,#FF0000
#612e35,chocolate-truffle,#FF0000
#64313e,burgundy,#FF0000
#5c2935,zinfandel,#FF0000
#582b36,windsor-wine,#FF0000
#502b33,port-royale,#FF0000
#532d3b,fig,#FF0000
#c2acb1,violet-ice,#FF00FF
#c5aeb1,burnished-lilac,#FF00FF
#c0a5ae,keepsake-lilac,#FF00FF
#b598a3,mauve-shadows,#FF00FF
#bfa3af,dawn-pink,#FF00FF
#ceadbe,fragrant-lilac,#FF00FF
#c49bd4,mauve-mist,#FF00FF
#ad6d7f,heather-rose,#FF0000
#a35776,red-violet,#FF0000
#996378,mellow-mauve,#FF0000
#96637b,bordeaux,#FF0000
#8b4963,violet-quartz,#FF0000
#854c65,damson,#FF0000
#6f3c56,amaranth,#FF0000
#c89fa5,zephyr,#FF00FF
#9a7182,dusky-orchid,#FF00FF
#886971,grape-shake,#FF0000
#946c74,wistful-mauve,#FF0000
#805466,tulipwood,#FF0000
#8d5c74,grape-nectar,#FF0000
#895c79,argyle-purple,#FF0000
#a4777e,nostalgia-rose,#FF0000
#985f68,deco-rose,#FF0000
#865560,renaissance-rose,#FF0000
#7a4b56,nocturne,#FF0000
#804f5a,crushed-berry,#FF0000
#643a4c,crushed-violets,#FF0000
#5b3644,mauve-wine,#FF0000
#674550,plum-wine,#FF0000
#613f4c,eggplant,#FF0000
#603749,prune,#FF0000
#5c3a4d,prune-purple,#FF0000
#5a2f43,grape-wine,#FF0000
#533146,italian-plum,#FF0000
#462639,potent-purple,#FF0000
#b18eaa,lavender-herb,#FF00FF
#ae90a7,lavender-mist,#FF00FF
#9f7a93,valerian,#FF00FF
#927288,very-grape,#FF00FF
#85677b,grapeade,#FF0000
#7a596f,purple-gumdrop,#FF0000
#765269,berry-conserve,#FF0000
#835e81,chinese-violet,#FF00FF
#7a547f,crushed-grape,#0000FF
#7c5379,concord-grape,#FF0000
#6f456e,sunset-purple,#FF0000
#75406a,wood-violet,#FF0000
#683d62,purple-passion,#FF0000
#582147,dark-purple,#FF0000
#725671,grape-jam,#FF0000
#50314c,deep-purple,#FF0000
#5a395b,wineberry,#0000FF
#4f2d54,grape-royale,#0000FF
#51304e,plum-purple,#FF0000
#553b50,hortensia,#FF0000
#4d3246,blackberry-wine,#FF0000
#503b53,navy-cosmos,#0000FF
#4c3957,indigo,#0000FF
#432c47,purple-pennant,#0000FF
#473442,plum-perfect,#FF0000
#4b3b4f,sweet-grape,#0000FF
#4e334e,shadow-purple,#FF0000
#3f2a47,blackberry-cordial,#0000FF
#56456b,purple-reign,#0000FF
#493c62,mulberry-purple,#0000FF
#473951,gothic-grape,#0000FF
#433455,grape,#0000FF
#46394b,mysterioso,#0000FF
#41354d,purple-velvet,#0000FF
#433748,nightshade,#0000FF
#dbd2db,orchid-tint,#FF00FF
#d7cdcd,lilac-ash,#FFFF00
#d4cacd,gray-lilac,#FF00FF
#d1c0bf,hushed-violet,#FFFF00
#b7a9ac,cloud-gray,#FF00FF
#98868c,quail,#FF00FF
#a2919b,nirvana,#FF00FF
#cec3d2,orchid-hush,#FF00FF
#baafbc,iris,#FF00FF
#a5929d,sea-fog,#FF00FF
#9d848e,elderberry,#FF00FF
#6c5765,black-plum,#FF0000
#705861,flint,#FF0000
#54353b,sassafras,#FF0000
#bdb8c7,evening-haze,#FF00FF
#b9b3c5,thistle,#FF00FF
#9890a2,lavender-gray,#FF00FF
#948d99,minimal-gray,#FF00FF
#8f8395,purple-ash,#FF00FF
#847986,gray-ridge,#FF00FF
#75697e,purple-sage,#0000FF
#9d96b2,heirloom-lilac,#FF00FF
#a198af,wisteria,#FF00FF
#897f98,dusk,#FF00FF
#8981a0,daybreak,#FF00FF
#6a6378,cadet,#0000FF
#675a74,mulled-grape,#0000FF
#473854,purple-plumeria,#0000FF
#c3babf,lilac-marble,#FF00FF
#b5acab,ashes-of-roses,#FFFF00
#a49ca0,gull-gray,#FF00FF
#92898a,zinc,#FF00FF
#918c8f,gull,#FF00FF
#6d636b,shark,#FF0000
#69595c,sparrow,#FF0000
#e0d0db,orchid-ice,#FF00FF
#e0c7d7,lilac-snow,#FF00FF
#d4b9cb,winsome-orchid,#FF00FF
#c0aac0,fair-orchid,#FF00FF
#bdabbe,lavender-frost,#FF00FF
#bfb4cb,orchid-petal,#FF00FF
#bdb0d0,pastel-lilac,#FF00FF
#c5aecf,orchid-bloom,#FF00FF
#d1acce,orchid-bouquet,#FF00FF
#be9cc1,lupine,#FF00FF
#c193c0,violet-tulle,#FF00FF
#b793c0,sheer-lilac,#FF00FF
#b085b7,african-violet,#FF00FF
#a1759c,dusty-lavender,#FF00FF
#8b79b1,paisley-purple,#FF00FF
#936ca7,hyacinth,#FF00FF
#926aa6,amethyst-orchid,#FF00FF
#8b5987,dewberry,#FF00FF
#745587,purple-heart,#0000FF
#764f82,meadow-violet,#0000FF
#603f83,royal-purple,#0000FF
#775496,deep-lavender,#0000FF
#774d8e,royal-lilac,#0000FF
#653d7c,pansy,#0000FF
#784384,bright-violet,#0000FF
#6a397b,amaranth-purple,#0000FF
#663271,purple-magic,#0000FF
#5a315d,plum,#0000FF
#604e7a,imperial-palace,#0000FF
#6c4e79,patrician-purple,#0000FF
#5a4769,loganberry,#0000FF
#593761,majesty,#0000FF
#542c5d,imperial-purple,#0000FF
#482d54,crown-jewel,#0000FF
#392852,parachute-purple,#0000FF
#d2c4d6,lavender-fog,#FF00FF
#bca4cb,lavendula,#FF00FF
#afa4ce,lavender,#FF00FF
#9884b9,bougainvillea,#FF00FF
#9e91c3,violet-tulip,#FF00FF
#8f7da5,chalk-violet,#FF00FF
#807396,purple-haze,#FF00FF
#b88aac,smoky-grape,#FF00FF
#a98baf,regal-orchid,#FF00FF
#a692ba,viola,#FF00FF
#917798,orchid-mist,#FF00FF
#6b5876,grape-compote,#0000FF
#6c5971,montana-grape,#0000FF
#634f62,vintage-violet,#FF0000
#7d74a8,aster-purple,#0000FF
#7e6eac,dahlia-purple,#0000FF
#6d5698,passion-flower,#0000FF
#5f4b8b,ultra-violet,#0000FF
#53357d,prism-violet,#0000FF
#4f3872,heliotrope,#0000FF
#4f3466,petunia,#0000FF
#646093,corsican-blue,#0000FF
#6d6695,veronica,#0000FF
#5a5b9f,blue-iris,#0000FF
#60569a,purple-opulence,#0000FF
#544275,gentian-violet,#0000FF
#4d448a,liberty,#0000FF
#44377d,deep-blue,#0000FF
#646f9b,bleached-denim,#0000FF
#62617e,heron,#0000FF
#484a72,skipper-blue,#0000FF
#403f6f,navy-blue,#0000FF
#443f6f,deep-wisteria,#0000FF
#3a395f,blue-ribbon,#0000FF
#363151,astral-aura,#0000FF
#d0d0da,lilac-hint,#00FFFF
#bcb4c4,misty-lilac,#FF00FF
#c5c0d0,lavender-blue,#FF00FF
#bab8d3,purple-heather,#FF00FF
#aaaac4,cosmic-sky,#00FFFF
#a2a1ba,languid-lavender,#FF00FF
#9c9ba7,dapple-gray,#FF00FF
#9a9bc1,sweet-lavender,#00FFFF
#919bc9,easter-egg,#00FFFF
#848dc5,jacaranda,#00FFFF
#7c83bc,deep-periwinkle,#00FFFF
#696ba0,dusted-peri,#0000FF
#5c619d,violet-storm,#0000FF
#5f6db0,baja-blue,#0000FF
#9499bb,thistle-down,#00FFFF
#8c8eb2,persian-violet,#00FFFF
#66648b,twilight-purple,#0000FF
#47457a,orient-blue,#0000FF
#363b7c,clematis-blue,#0000FF
#3d428b,royal-blue,#0000FF
#3d3c7c,spectrum-blue,#0000FF
#767ba5,lavender-violet,#0000FF
#70789b,blue-ice,#0000FF
#60688d,velvet-morning,#0000FF
#515b87,marlin,#0000FF
#2d3359,blueprint,#0000FF
#263056,blue-depths,#0000FF
#29304e,medieval-blue,#0000FF
#9f99aa,lavender-aura,#FF00FF
#74809a,stonewash,#00FFFF
#4e5368,nightshadow-blue,#0000FF
#49516d,blue-indigo,#0000FF
#4d495b,graystone,#0000FF
#464b65,crown-blue,#0000FF
#404466,deep-cobalt,#0000FF
#bfc7d6,arctic-ice,#00FFFF
#bbc1cc,gray-dawn,#00FFFF
#b7c0d6,heather,#00FFFF
#959eb7,eventide,#00FFFF
#618bb9,silver-lake-blue,#00FFFF
#6384b8,blue-bonnet,#00FFFF
#5a77a8,blue-yonder,#0000FF
#8c9cc1,lavender-lustre,#00FFFF
#858fb1,purple-impression,#00FFFF
#8398ca,grapemist,#00FFFF
#81a0d4,vista-blue,#00FFFF
#7391c8,cornflower-blue,#00FFFF
#6e81be,persian-jewel,#00FFFF
#6479b3,wedgewood,#0000FF
#adbed3,skyway,#00FFFF
#a5b8d0,cashmere-blue,#00FFFF
#93b4d7,blue-bell,#00FFFF
#8cadd3,placid-blue,#00FFFF
#7a9dcb,della-robbia-blue,#00FFFF
#658dc6,provence,#00FFFF
#5b7ebd,ultramarine,#0000FF
#7291b4,allure,#00FFFF
#65769a,colony-blue,#0000FF
#506886,moonlight-blue,#0000FF
#4a638d,dutch-blue,#0000FF
#3d5e8c,delft,#0000FF
#243f6c,limoges,#0000FF
#233658,estate-blue,#0000FF
#6e7e99,infinity,#0000FF
#4e5e7f,bijou-blue,#0000FF
#505d7e,coastal-fjord,#0000FF
#3f5277,true-navy,#0000FF
#384c67,ensign-blue,#0000FF
#35465e,dark-denim,#0000FF
#2f3e55,insignia-blue,#0000FF
#77acc7,air-blue,#00FFFF
#5d96bc,heritage-blue,#00FFFF
#5ca6ce,ethereal-blue,#00FFFF
#539ccc,bonnie-blue,#00FFFF
#3e7fa5,cendre-blue,#0000FF
#4f7ca4,parisian-blue,#0000FF
#2a6a8b,faience,#0000FF
#6da9d2,alaskan-blue,#00FFFF
#6ea2d5,little-boy-blue,#00FFFF
#4d91c6,azure-blue,#00FFFF
#5879a2,riviera,#0000FF
#43628b,federal-blue,#0000FF
#386192,star-sapphire,#0000FF
#385d8d,bright-cobalt,#0000FF
#7ba0c0,dusk-blue,#00FFFF
#487ab7,regatta,#0000FF
#346cb0,palace-blue,#0000FF
#1f5da0,strong-blue,#0000FF
#195190,turkish-sea,#0000FF
#1a4c8b,olympian-blue,#0000FF
#0f4c81,classic-blue,#0000FF
#4f84c4,marina,#00FFFF
#3272af,campanula,#0000FF
#0f5f9a,daphne,#0000FF
#08589d,victoria-blue,#0000FF
#034f84,snorkel-blue,#0000FF
#1a5091,nautical-blue,#0000FF
#00539c,princess-blue,#0000FF
#3850a0,dazzling-blue,#0000FF
#4960a8,amparo-blue,#0000FF
#384883,deep-ultramarine,#0000FF
#203c7f,surf-the-web,#0000FF
#273c76,mazarine-blue,#0000FF
#1e4477,true-blue,#0000FF
#313d64,twilight-blue,#0000FF
#a5b3cc,kentucky-blue,#00FFFF
#9bb7d4,cerulean,#00FFFF
#96b3d2,powder-blue,#00FFFF
#899bb8,forever-blue,#00FFFF
#79839b,tempest,#00FFFF
#717f9b,country-blue,#0000FF
#7181a4,english-manor,#00FFFF
#c9d3dc,illusion-blue,#00FFFF
#c0ceda,ballad-blue,#00FFFF
#b5c7d3,baby-blue,#00FFFF
#a3b4c4,celestial-blue,#00FFFF
#9babbb,blue-fog,#00FFFF
#677283,flint-stone,#0000FF
#626879,folkstone-gray,#0000FF
#b0b7be,pearl-blue,#00FFFF
#84898c,monument,#00FFFF
#46515a,dark-slate,#0000FF
#34414e,midnight-navy,#0000FF
#2c313d,total-eclipse,#0000FF
#323137,blue-graphite,#0000FF
#232f36,dark-navy,#0000FF
#c6d2d2,ice-flow,#00FFFF
#98a0a5,quarry,#00FFFF
#8d8f8f,griffin,#00FFFF
#4a4b4d,dark-shadow,#0000FF
#434854,ombre-blue,#0000FF
#3c3f4a,india-ink,#0000FF
#41424a,ebony,#0000FF
#363756,patriot-blue,#0000FF
#343148,eclipse,#0000FF
#353a4c,mood-indigo,#0000FF
#2b2e43,peacoat,#0000FF
#2b3042,black-iris,#0000FF
#2a3244,dress-blues,#0000FF
#363b48,blue-nights,#0000FF
#a3bdd3,angel-falls,#00FFFF
#a0bcd0,dream-blue,#00FFFF
#8699ab,ashley-blue,#00FFFF
#8c9dad,dusty-blue,#00FFFF
#3c586b,indian-teal,#0000FF
#39505c,stargazer,#0000FF
#3e4f5c,orion-blue,#0000FF
#8fadbd,forget-me-not,#00FFFF
#798ea4,faded-denim,#00FFFF
#66829a,blue-shadow,#00FFFF
#59728e,coronet-blue,#0000FF
#557088,captains-blue,#0000FF
#516b84,copen-blue,#0000FF
#546477,china-blue,#0000FF
#5c899b,adriatic-blue,#00FFFF
#5c798e,provincial-blue,#0000FF
#5487a4,niagara,#00FFFF
#5b7e98,blue-heaven,#0000FF
#46647e,stellar,#0000FF
#405d73,real-teal,#0000FF
#274357,majolica-blue,#0000FF
#b5ced4,starlight-blue,#00FFFF
#a9c0cb,winter-sky,#00FFFF
#9ec1cc,stratosphere,#00FFFF
#a2b9c2,sterling-blue,#00FFFF
#879ba3,arona,#00FFFF
#748995,citadel,#00FFFF
#5c6d7c,blue-mirage,#0000FF
#a2b6b9,cloud-blue,#00FFFF
#9eb6b8,ether,#00FFFF
#769da6,cameo-blue,#00FFFF
#829ca5,stone-blue,#00FFFF
#86a1a9,tourmaline,#00FFFF
#6d8994,smoke-blue,#00FFFF
#577284,bluestone,#0000FF
#9dc3d4,aquamarine,#00FFFF
#8abad3,sky-blue,#00FFFF
#72a8ba,milky-blue,#00FFFF
#5cacce,blue-grotto,#00FFFF
#4ca5c7,norse-blue,#00FFFF
#3cadd4,aquarius,#00FFFF
#52a2b4,maui-blue,#00FFFF
#5bacc3,blue-mist,#00FFFF
#38afcd,river-blue,#00FFFF
#14a3c7,cyan-blue,#00FFFF
#289dbe,horizon-blue,#00FFFF
#3686a0,blue-moon,#00FFFF
#157ea0,bluejay,#0000FF
#1478a7,mediterranean-blue,#0000FF
#4abbd5,bachelor-button,#00FFFF
#00b1d2,blue-atoll,#00FFFF
#0088b0,vivid-blue,#00FFFF
#008db9,hawaiian-ocean,#00FFFF
#0087b6,blue-danube,#00FFFF
#007baa,blue-jewel,#0000FF
#0074a8,methyl-blue,#0000FF
#008cc1,malibu-blue,#00FFFF
#0084bd,blithe,#00FFFF
#007eb1,swedish-blue,#0000FF
#0086bb,dresden-blue,#00FFFF
#007bb2,diva-blue,#0000FF
#0077b3,blue-aster,#0000FF
#0075af,cloisonne,#0000FF
#0072b5,french-blue,#0000FF
#0075b3,brilliant-blue,#0000FF
#0061a3,directoire-blue,#0000FF
#00589b,skydiver,#0000FF
#005a92,imperial-blue,#0000FF
#266691,deep-water,#0000FF
#305679,dark-blue,#0000FF
#bcd3d5,pastel-blue,#00FFFF
#aad5db,clearwater,#00FFFF
#b2d4dd,blue-glow,#00FFFF
#a5cfd5,plume,#00FFFF
#95c0cb,porcelain-blue,#00FFFF
#a1c8db,crystal-blue,#00FFFF
#87c2d4,petit-four,#00FFFF
#cbdcdf,wan-blue,#00FFFF
#c9dcdc,whispering-blue,#00FFFF
#c8e0e0,skylight,#00FFFF
#99c1cc,aquatic,#00FFFF
#76afb6,marine-blue,#00FFFF
#6f9fa9,reef-waters,#00FFFF
#648589,arctic,#00FFFF
#ccdad7,chalk-blue,#00FFFF
#c4d6d3,pale-blue,#00FFFF
#bfcdcc,misty-blue,#00FFFF
#bcc8c6,sky-gray,#00FFFF
#b4c8c2,surf-spray,#00FFFF
#99aeae,gray-mist,#00FFFF
#89acac,aquifer,#00FFFF
#c6e3e1,blue-glass,#00FFFF
#b0d3d1,icy-morn,#00FFFF
#9cc2c5,canal-blue,#00FFFF
#99c5c4,pastel-turquoise,#00FFFF
#87b9bc,aqua-haze,#00FFFF
#6baaae,aqua-sea,#00FFFF
#60a0a3,meadowbrook,#00FFFF
#c3dbd4,glacier,#00FFFF
#b8e2dc,fair-aqua,#00FFFF
#c3e9e4,soothing-sea,#00FFFF
#bce3df,bleached-aqua,#00FFFF
#acdfdd,blue-light,#00FFFF
#9fd9d7,blue-tint,#00FFFF
#7bc4c4,aqua-sky,#00FFFF
#cfdfdb,morning-mist,#00FFFF
#a8c0bb,harbor-gray,#00FFFF
#a3ccc9,eggshell-blue,#00FFFF
#649b9e,dusty-turquoise,#00FFFF
#5d9ca4,porcelain,#00FFFF
#4c7e86,brittany-blue,#0000FF
#426972,hydro,#0000FF
#a5bcbb,blue-haze,#00FFFF
#76a7ab,nile-blue,#00FFFF
#6d9192,mineral-blue,#00FFFF
#558f91,bristol-blue,#00FFFF
#478589,teal,#00FFFF
#486b67,blue-spruce,#00FF00
#567572,sagebrush-green,#00FF00
#8a9992,green-milieu,#00FFFF
#95a69f,jadeite,#00FFFF
#90a8a4,blue-surf,#00FFFF
#658c88,oil-blue,#00FFFF
#6a8988,trellis,#00FFFF
#536d70,north-atlantic,#0000FF
#4c6969,sea-pine,#00FF00
#8c9fa1,slate,#00FFFF
#8a9a9a,silver-blue,#00FFFF
#8f9e9d,abyss,#00FFFF
#7a898f,lead,#00FFFF
#6e8082,stormy-sea,#00FFFF
#697a7e,trooper,#0000FF
#5f7278,goblin-blue,#0000FF
#8a9691,slate-gray,#00FFFF
#7c8c87,chinois-green,#00FFFF
#556962,dark-forest,#00FF00
#576664,balsam-green,#00FF00
#55584c,beetle,#00FF00
#464e4d,urban-chic,#00FF00
#303d3c,darkest-spruce,#00FF00
#3a5c6e,mallard-blue,#0000FF
#006380,celestial,#0000FF
#1f6680,saxony-blue,#0000FF
#005871,lyons-blue,#0000FF
#0b5369,ink-blue,#0000FF
#18576c,corsair,#0000FF
#1f495b,legion-blue,#0000FF
#4e6e81,aegean-blue,#0000FF
#35637c,bluesteel,#0000FF
#3b5f78,blue-ashes,#0000FF
#325b74,midnight,#0000FF
#09577b,blue-sapphire,#0000FF
#005e7d,seaport,#0000FF
#0f4e67,moroccan-blue,#0000FF
#006175,ocean-depths,#0000FF
#1b5366,blue-coral,#0000FF
#2a5c6a,dragonfly,#0000FF
#1f595c,pacific,#0000FF
#33565e,balsam,#0000FF
#32575d,mediterranea,#0000FF
#274e55,atlantic-deep,#0000FF
#64a1ad,aqua,#00FFFF
#70a4b0,stillwater,#00FFFF
#6198ae,delphinium-blue,#00FFFF
#3c7d90,larkspur,#0000FF
#47788a,storm-blue,#0000FF
#436573,tapestry,#0000FF
#2d6471,colonial-blue,#0000FF
#00a0b0,peacock-blue,#00FFFF
#008799,capri-breeze,#00FFFF
#00859c,algiers-blue,#00FFFF
#00849f,caneel-bay,#00FFFF
#00819d,caribbean-sea,#00FFFF
#00758f,mosaic-blue,#0000FF
#00698b,turkish-tile,#0000FF
#83c5cd,angel-blue,#00FFFF
#58c9d4,blue-radiance,#00FFFF
#44bbca,capri,#00FFFF
#32becc,blue-curacao,#00FFFF
#00abc0,scuba-blue,#00FFFF
#009dae,bluebird,#00FFFF
#007a8e,enamel-blue,#0000FF
#67bcb3,pool-blue,#00FFFF
#53b0ae,blue-turquoise,#00FFFF
#279d9f,baltic,#00FFFF
#008c96,lake-blue,#00FFFF
#008491,tile-blue,#00FFFF
#1a7f8e,pagoda-blue,#0000FF
#097988,biscay-bay,#0000FF
#81d7d3,aruba-blue,#00FFFF
#00aaa9,ceramic,#00FFFF
#009499,viridian-green,#00FFFF
#008786,tropical-green,#00FFFF
#008583,navigate,#00FFFF
#008381,deep-peacock-blue,#00FFFF
#008684,lapis,#00FFFF
#45b5aa,turquoise,#00FFFF
#3ab0a2,waterfall,#00FFFF
#4d9e9a,lagoon,#00FFFF
#30a299,bright-aqua,#00FFFF
#108780,porcelain-green,#00FFFF
#007c7a,blue-grass,#00FF00
#006d70,fanfare,#0000FF
#00af9f,atlantis,#00FFFF
#00af9d,pool-green,#00FFFF
#008e80,dynasty-green,#00FFFF
#009b8c,spectra-green,#00FFFF
#009288,columbia,#00FFFF
#007f7c,teal-blue,#00FF00
#00736c,parasailing,#00FF00
#73a89e,wasabi,#00FFFF
#619187,beryl-green,#00FFFF
#4f7c74,deep-sea,#00FF00
#427d6d,bottle-green,#00FF00
#29685f,galapagos-green,#00FF00
#29675c,antique-green,#00FF00
#035453,storm,#00FF00
#40a48e,marine-green,#00FFFF
#149c88,sea-green,#00FFFF
#007d69,greenlake,#00FF00
#0a6f69,tidepool,#00FF00
#226c63,ivy,#00FF00
#00675b,cadmium-green,#00FF00
#005f56,alpine-green,#00FF00
#6da29e,canton,#00FFFF
#599f99,agate-green,#00FFFF
#549f98,sea-blue,#00FFFF
#379190,latigo-bay,#00FFFF
#358082,green-blue-slate,#00FFFF
#20706f,bayou,#00FF00
#316c6b,north-sea,#00FF00
#36716f,deep-jungle,#00FF00
#005b5d,everglade,#0000FF
#006361,teal-green,#00FF00
#00656e,harbor-blue,#0000FF
#00656b,deep-lake,#0000FF
#00585e,shaded-spruce,#0000FF
#18454b,deep-teal,#0000FF
#4e6866,silver-pine,#00FF00
#405e5c,mallard-green,#00FF00
#395551,bistro-green,#00FF00
#335959,jasper,#00FF00
#255958,bayberry,#00FF00
#264a48,june-bug,#00FF00
#203b3d,ponderosa-pine,#0000FF
#d2e8e0,aqua-glass,#00FFFF
#c3ddd6,opal-blue,#00FFFF
#c0dccd,dusty-aqua,#00FFFF
#8ec5b6,ocean-wave,#00FFFF
#81c3b4,holiday,#00FFFF
#76c1b2,cascade,#00FFFF
#7bb5a3,dusty-jade-green,#00FFFF
#bae1d3,honeydew,#00FFFF
#afddcc,brook-green,#00FFFF
#87d7be,cabbage,#00FFFF
#7accb8,beveled-glass,#00FFFF
#77cfb7,opal,#00FFFF
#55c6a9,biscay-green,#00FFFF
#64bfa4,spearmint,#00FFFF
#c7e5df,moonlight-jade,#00FFFF
#bae5d6,bay,#00FFFF
#a1d7c9,yucca,#00FFFF
#96dfce,beach-glass,#00FFFF
#87d8c3,ice-green,#00FFFF
#58c8b6,cockatoo,#00FFFF
#56beab,florida-keys,#00FFFF
#60c9b3,bermuda,#00FFFF
#4bc3a8,electric-green,#00FFFF
#00b89f,aqua-green,#00FFFF
#00aa92,billiard,#00FFFF
#00a28a,arcadia,#00FFFF
#008778,alhambra,#00FF00
#009276,deep-green,#00FF00
#00b694,mint-leaf,#00FFFF
#00a78b,peacock-green,#00FFFF
#009e82,vivid-green,#00FFFF
#009473,emerald,#00FF00
#00846b,viridis,#00FF00
#006e5b,shady-glade,#00FF00
#006b54,ultramarine-green,#00FF00
#a9bdb1,silt-green,#00FFFF
#a3b5a6,frosty-green,#00FFFF
#8c9c92,iceberg-green,#00FFFF
#86a293,granite-green,#00FFFF
#7e9285,green-bay,#00FFFF
#818f84,lily-pad,#00FFFF
#616f65,laurel-wreath,#00FF00
#589f7e,green-spruce,#00FF00
#5b7961,comfrey,#00FF00
#5b7763,dark-ivy,#00FF00
#3e6f58,foliage-green,#00FF00
#4f6b58,myrtle,#00FF00
#325b51,posy-green,#00FF00
#334d41,pineneedle,#00FF00
#717e6f,sea-spray,#00FF00
#53665c,duck-green,#00FF00
#578270,frosty-spruce,#00FF00
#3a725f,fir,#00FF00
#11574a,evergreen,#00FF00
#335749,hunter-green,#00FF00
#314f40,dark-green,#00FF00
#729b8b,feldspar,#00FFFF
#3e6257,smoke-pine,#00FF00
#355048,trekking-green,#00FF00
#3e524b,garden-topiary,#00FF00
#3c4e47,jungle-green,#00FF00
#35463d,sycamore,#00FF00
#324241,green-gables,#00FF00
#807d6f,vetiver,#FF0000
#6e6e5c,deep-lichen-green,#FF0000
#50574c,thyme,#00FF00
#3a4032,kombu-green,#00FF00
#37413a,deep-forest,#00FF00
#434237,forest-night,#FF0000
#36362d,rosin,#FF0000
#b8ccba,celadon,#00FFFF
#c1ccc2,pale-aqua,#00FFFF
#bfc8c3,smoke,#00FFFF
#d1d5d0,foggy-dew,#FFFF00
#bac2ba,mercury,#FFFF00
#b2b6ac,mineral-gray,#FFFF00
#a5b2aa,aqua-gray,#00FFFF
#d8e3d7,fairest-jade,#FFFF00
#dde3d5,water-lily,#FFFF00
#d6dec9,canary-green,#FFFF00
#cad3c1,almost-aqua,#FFFF00
#c5ccc0,green-tint,#FFFF00
#b7c2b2,sea-foam,#FFFF00
#a7ae9e,desert-sage,#FFFF00
#e0e6d7,whisper-green,#FFFF00
#cbcebe,celadon-tint,#FFFF00
#c4d1c2,dewkist,#FFFF00
#c1cec1,green-lily,#FFFF00
#aac0ad,cameo-green,#00FFFF
#959889,seagrass,#FFFF00
#888d82,shadow,#FFFF00
#cee1d4,clearly-aqua,#00FFFF
#bcd9c8,misty-jade,#00FFFF
#b5cbbb,subtle-green,#00FFFF
#adc3b4,aqua-foam,#00FFFF
#b2cfbe,gossamer-green,#00FFFF
#9bc2b1,lichen,#00FFFF
#9bbea9,grayed-jade,#00FFFF
#cfdbd1,milky-green,#00FFFF
#dce4d7,phantom-green,#FFFF00
#aacebc,mist-green,#00FFFF
#aaccb9,birds-egg-green,#00FFFF
#bccab3,bok-choy,#FFFF00
#a8bba2,smoke-green,#FFFF00
#709a89,malachite-green,#00FFFF
#8aa282,mistletoe,#FFFF00
#879f84,basil,#FFFF00
#7a9b78,mineral-green,#00FF00
#7d956d,green-eyes,#00FF00
#6f8c69,turf-green,#00FF00
#748c69,watercress,#00FF00
#547053,elm-green,#00FF00
#768a75,hedge-green,#00FF00
#788f74,loden-frost,#00FF00
#739072,shale-green,#00FF00
#6f8d6a,kashmir,#00FF00
#658e67,stone-green,#00FF00
#61845b,english-ivy,#00FF00
#558367,deep-grass-green,#00FF00
#769358,piquant-green,#00FF00
#6b8d53,forest-green,#00FF00
#699158,fluorite-green,#00FF00
#53713d,cactus,#00FF00
#495e35,garden-green,#00FF00
#4b6d41,artichoke-green,#00FF00
#59754d,willow-bough,#00FF00
#7e9b76,aspen-green,#00FF00
#3c824e,medium-green,#00FF00
#3d7245,juniper,#00FF00
#477050,fairway,#00FF00
#5f7355,vineyard-green,#00FF00
#6f7755,dill,#00FF00
#37503d,greener-pastures,#00FF00
#616652,four-leaf-clover,#00FF00
#525f48,bronze-green,#00FF00
#4a5335,chive,#00FF00
#545a3e,cypress,#00FF00
#414f3c,black-forest,#00FF00
#414832,rifle-green,#00FF00
#394034,duffel-bag,#00FF00
#d2e7ca,ambrosia,#FFFF00
#bed3bb,spray,#FFFF00
#b4d3b2,pastel-green,#FFFF00
#97c1a1,hemlock,#00FFFF
#9fc09c,sprucestone,#FFFF00
#8bba94,meadow,#00FFFF
#77a276,jadesheen,#00FF00
#a0daa9,green-ash,#00FFFF
#8bc28c,greengage,#00FFFF
#7cb08a,ming,#00FFFF
#7cb083,zephyr-green,#00FFFF
#82b185,peapod,#00FFFF
#7cb68e,light-grass-green,#00FFFF
#76b583,absinthe-green,#00FFFF
#7fbb9e,neptune-green,#00FFFF
#70a38d,creme-de-menthe,#00FFFF
#4f9e81,winter-green,#00FFFF
#2ea785,gumdrop-green,#00FFFF
#0f9d76,holly-green,#00FF00
#008c69,parakeet,#00FF00
#008763,golf-green,#00FF00
#6bcd9c,spring-bud,#00FFFF
#66bc91,katydid,#00FFFF
#60b892,jade-cream,#00FFFF
#3aa278,ming-green,#00FF00
#4b9b69,greenbriar,#00FF00
#378661,leprechaun,#00FF00
#3a795e,pine-green,#00FF00
#00a776,blarney,#00FF00
#00a170,mint,#00FF00
#009e6d,deep-mint,#00FF00
#009b75,simply-green,#00FF00
#007d60,pepper-green,#00FF00
#007558,bosphorus,#00FF00
#12674a,verdant-green,#00FF00
#bfd1b3,seacrest,#FFFF00
#bfd1ad,gleam,#FFFF00
#a7c796,nile-green,#FFFF00
#9ebc97,quiet-green,#FFFF00
#92af88,fair-green,#FFFF00
#91ac80,forest-shade,#FFFF00
#759465,jade-green,#00FF00
#b9eab3,patina-green,#FFFF00
#a9d39e,pistachio-green,#FFFF00
#a3c893,arcadian-green,#FFFF00
#7bb369,grass-green,#00FF00
#79b465,bud-green,#00FF00
#86a96f,green-tea,#FFFF00
#89a06b,tendril,#FFFF00
#b2e79f,paradise-green,#FFFF00
#9fc131,lime-green,#FFFF00
#7ec845,jasmine-green,#00FF00
#79c753,green-flash,#00FF00
#39a845,classic-green,#00FF00
#44883c,online-lime,#00FF00
#476a30,treetop,#00FF00
#7ed37f,summer-green,#00FF00
#6dce87,spring-bouquet,#00FFFF
#2bae66,island-green,#00FF00
#45be76,irish-green,#00FF00
#6fa26b,shamrock,#00FF00
#699e6d,peppermint,#00FF00
#487d49,mint-green,#00FF00
#4db560,poison-green,#00FF00
#55a860,vibrant-green,#00FF00
#339c5e,kelly-green,#00FF00
#009b5c,bright-green,#00FF00
#008c45,fern-green,#00FF00
#008658,jelly-bean,#00FF00
#1f7349,amazon,#00FF00
#b0c965,green-glow,#FFFF00
#97bc62,bright-lime-green,#FFFF00
#88b04b,greenery,#FFFF00
#75a14f,foliage,#00FF00
#819548,peridot,#FFFF00
#739957,meadow-green,#00FF00
#7b7f32,woodbine,#00FF00
#a1ca7b,jade-lime,#FFFF00
#9cad60,herbal-garden,#FFFF00
#9faf6c,leaf-green,#FFFF00
#8db051,parrot-green,#FFFF00
#a0ac4f,dark-citron,#FFFF00
#9bb53e,macaw-green,#FFFF00
#7aab55,kiwi,#00FF00
#c6ec7a,sharp-green,#FFFF00
#c9d77e,daiquiri-green,#FFFF00
#c3d363,wild-lime,#FFFF00
#c4bf71,linden-green,#FFFF00
#b5bf50,bright-chartreuse,#FFFF00
#b5cc39,tender-shoots,#FFFF00
#c0d725,lime-punch,#FFFF00
#dfef87,sunny-lime,#FFFF00
#d3d95f,limeade,#FFFF00
#d5d717,sulphur-spring,#FFFF00
#b8af23,citronelle,#FFFF00
#b5b644,apple-green,#FFFF00
#c7b63c,warm-olive,#FFFF00
#b9a023,antique-moss,#FFFF00
#d7e8bc,lime-cream,#FFFF00
#cfe09d,shadow-lime,#FFFF00
#cdd78a,lime-sherbet,#FFFF00
#bed38e,lettuce-green,#FFFF00
#afcb80,sap-green,#FFFF00
#a3c57d,opaline-green,#FFFF00
#b0b487,winter-pear,#FFFF00
#e7eacb,sylvan-green,#FFFF00
#ecead0,glass-green,#FFFF00
#e9eac8,green-essence,#FFFF00
#f1ecca,ethereal-green,#FFFF00
#dcd8a8,garden-glade,#FFFF00
#d3cca3,hay,#FFFF00
#cbce91,pale-green,#FFFF00
#e1e3a9,young-wheat,#FFFF00
#dfde9b,citron,#FFFF00
#e3eaa5,luminary-green,#FFFF00
#dfe69f,pale-lime-yellow,#FFFF00
#e7df99,chardonnay,#FFFF00
#e1d590,lima-bean,#FFFF00
#e5e790,charlock,#FFFF00
#d5d593,mellow-green,#FFFF00
#cfc486,shadow-green,#FFFF00
#c5cc7b,celery-green,#FFFF00
#babc72,green-banana,#FFFF00
#b0b454,green-oasis,#FFFF00
#b7b17a,leek-green,#FFFF00
#b3b17b,weeping-willow,#FFFF00
#afaf5e,palm,#FFFF00
#af9841,golden-olive,#FFFF00
#a3a04e,oasis,#FFFF00
#a09d59,moss,#FFFF00
#9a803a,amber-green,#FFFF00
#927b3c,ecru-olive,#FF0000
#857946,green-moss,#FF0000
#a39264,khaki,#FFFF00
#998456,fennel-seed,#FFFF00
#9a8b4f,willow,#FFFF00
#9c7e41,bronze-mist,#FF0000
#997b38,dried-tobacco,#FF0000
#805d24,tapenade,#FF0000
#7a6332,plantation,#FF0000
#c2cbb4,fog-green,#FFFF00
#c5cfb6,tender-greens,#FFFF00
#d0d3b7,aloe-wash,#FFFF00
#b5c1a5,celadon-green,#FFFF00
#adbba1,laurel-green,#FFFF00
#a8b197,swamp,#FFFF00
#a1ad92,reseda,#FFFF00
#d3dec4,meadow-mist,#FFFF00
#cadea5,butterfly,#FFFF00
#d4dbb2,white-jade,#FFFF00
#cbd5b1,seafoam-green,#FFFF00
#c3d3a8,reed,#FFFF00
#c0cba1,seedling,#FFFF00
#b4c79c,foam-green,#FFFF00
#c5cf98,lily-green,#FFFF00
#c2c18d,beechnut,#FFFF00
#b4bb85,nile,#FFFF00
#a3a969,sweet-pea,#FFFF00
#909b4c,spinach-green,#FFFF00
#9aa067,fern,#FFFF00
#8d8b55,green-olive,#FFFF00
#849161,epsom,#FFFF00
#77824a,grasshopper,#00FF00
#81894e,turtle-green,#FFFF00
#757a4e,calliste-green,#00FF00
#6a6f34,calla-green,#00FF00
#5e6737,cedar-green,#00FF00
#595f34,pesto,#00FF00
#a4ae77,tarragon,#FFFF00
#91946e,sage,#FFFF00
#818455,iguana,#FFFF00
#80856d,oil-green,#FFFF00
#6e7153,loden-green,#00FF00
#656344,capulet-olive,#FF0000
#666b54,olivine,#00FF00
#b6ba99,lint,#FFFF00
#b5ad88,pale-olive-green,#FFFF00
#b2ac88,sage-green,#FFFF00
#a49a79,gray-green,#FFFF00
#a49775,sponge,#FFFF00
#817a65,mermaid,#FF0000
#746c57,dusky-green,#FF0000
#999b85,tea,#FFFF00
#938b78,silver-sage,#FFFF00
#a0987c,slate-green,#FFFF00
#a39f86,elm,#FFFF00
#858961,mosstone,#FFFF00
#817a60,aloe,#FF0000
#756d47,olive-drab,#FF0000
#928e64,cedar,#FFFF00
#8e855f,boa,#FFFF00
#847a59,dried-herb,#FF0000
#646a45,olive-branch,#00FF00
#71643e,lizard,#FF0000
#676232,avocado,#FF0000
#67592a,fir-green,#FF0000
#bab696,bog,#FFFF00
#8c7c61,elmwood,#FF0000
#7c6e4f,gothic-olive,#FF0000
#7a643f,butternut,#FF0000
#75663e,nutria,#FF0000
#63563b,military-olive,#FF0000
#574d35,dark-olive,#FF0000
#afab97,moss-gray,#FFFF00
#aba798,abbey-stone,#FFFF00
#646049,burnt-olive,#FF0000
#646356,dusty-olive,#FF0000
#585442,ivy-green,#FF0000
#535040,olive-night,#FF0000
#545144,grape-leaf,#FF0000
#a7a19e,porpoise,#FFFF00
#9f8d89,satellite,#FFFF00
#847a75,driftwood,#FF0000
#6d625b,falcon,#FF0000
#685c53,morel,#FF0000
#807669,fallen-rock,#FF0000
#9a9186,vintage-khaki,#FFFF00
#a49887,crockery,#FFFF00
#928475,greige,#FFFF00
#8d7e71,desert-taupe,#FF0000
#b6a893,white-pepper,#FFFF00
#b7a793,humus,#FFFF00
#937b6a,portabella,#FF0000
#816d5e,caribou,#FF0000
#ae997d,travertine,#FFFF00
#b09a77,starfish,#FFFF00
#ceb899,semolina,#FFFF00
#bca483,curds-and-whey,#FFFF00
#977c61,tigers-eye,#FF0000
#8b6a4f,toasted-coconut,#FF0000
#5f4c40,rain-drum,#FF0000
#f3eac3,pear-sorbet,#FFFF00
#e7d391,pineapple-slice,#FFFF00
#face6d,yarrow,#FFFF00
#f4e3b5,anise-flower,#FFFF00
#f6e3b4,flan,#FFFF00
#ebcf89,sundress,#FFFF00
#e4cfb6,macadamia,#FFFF00
#f6e199,lemon-meringue,#FFFF00
#eee78e,yellow-iris,#FFFF00
#f8dc6c,goldfinch,#FFFF00
#f9d857,lemon-zest,#FFFF00
#f4bf3a,solar-power,#FFFF00
#fbc85f,samoan-sun,#FFFF00
#c87629,desert-sun,#FF0000
#a05c17,pumpkin-spice,#FF0000
#df7500,orange-pepper,#FF0000
#c16512,marmalade,#FF0000
#bb5c14,hawaiian-sunset,#FF0000
#a15325,autumnal,#FF0000
#944a1f,umber,#FF0000
#e86800,exuberance,#FF0000
#e95c20,puffins-bill,#FF0000
#864c24,caramel-cafe,#FF0000
#b45422,gold-flame,#FF0000
#9b4722,cinnamon-stick,#FF0000
#9e4624,potters-clay,#FF0000
#a23c26,rooibos-tea,#FF0000
#e8703a,celosia-orange,#FF0000
#e2552c,orangeade,#FF0000
#c34121,pureed-pumpkin,#FF0000
#dd4124,tangerine-tango,#FF0000
#ca3422,poinciana,#FF0000
#d15837,koi,#FF0000
#a2242f,samba,#FF0000
#aa0a27,barbados-cherry,#FF0000
#a11729,haute-red,#FF0000
#aa182b,salsa,#FF0000
#9d202f,scarlet-sage,#FF0000
#941e32,scooter,#FF0000
#7d2027,red-dahlia,#FF0000
#752329,sun-dried-tomato,#FF0000
#6a2e2a,fired-brick,#FF0000
#77202f,rhubarb,#FF0000
#6a282c,syrah,#FF0000
#6c2831,pomegranate,#FF0000
#64242e,cabernet,#FF0000
#f2cfdc,ballerina,#FF00FF
#f2c1d1,fairy-tale,#FF00FF
#a5958f,etherea,#FFFF00
#b98391,foxglove,#FF00FF
#a66e7a,mesa-rose,#FF0000
#b61c50,jazzy,#FF0000
#a52350,granita,#FF0000
#a22452,cherries-jubilee,#FF0000
#cb3373,cabaret,#FF0000
#a32857,vivacious,#FF0000
#9469a2,bellflower,#FF00FF
#9d7bb0,english-lavendar,#FF00FF
#9f86aa,rhapsody,#FF00FF
#46295a,acai,#0000FF
#563474,tillandsia-purple,#0000FF
#634878,picasso-lily,#0000FF
#5f4e72,mystical,#0000FF
#a9adc2,icelandic-blue,#00FFFF
#9a9eb3,aleutian,#00FFFF
#81839a,silver-bullet,#00FFFF
#717388,blue-granite,#0000FF
#2a293e,evening-blue,#0000FF
#2c2a33,deep-well,#0000FF
#2a2a35,night-sky,#0000FF
#96a3c7,blue-heron,#00FFFF
#849bcc,hydrangea,#00FFFF
#b7c0d7,xenon-blue,#00FFFF
#9ba9ca,brunnera-blue,#00FFFF
#262934,sky-captain,#0000FF
#282d3c,navy-blazer,#0000FF
#262b37,dark-sapphire,#0000FF
#bfcad6,plein-air,#00FFFF
#bdc6dc,halogen-blue,#00FFFF
#9eb4d3,chambray-blue,#00FFFF
#819ac1,bel-air-blue,#00FFFF
#4a556b,vintage-indigo,#0000FF
#253668,sodalite-blue,#0000FF
#323441,parisian-night,#0000FF
#274374,monaco-blue,#0000FF
#30658e,vallarta-blue,#0000FF
#282b34,salute,#0000FF
#2f3441,outer-space,#0000FF
#2c333e,blueberry,#0000FF
#272f38,carbon,#0000FF
#2d3036,vulcan,#0000FF
#b5cedf,omphalodes,#00FFFF
#a5c5d9,cool-blue,#00FFFF
#4b5b6e,bering-sea,#0000FF
#2c4053,blue-wing-teal,#0000FF
#123955,poseidon,#0000FF
#005780,mykonos-blue,#0000FF
#203e4a,reflecting-pond,#0000FF
#a9cada,corydalis-blue,#00FFFF
#78bdd4,blue-topaz,#00FFFF
#88c3d0,gulf-stream,#00FFFF
#61aab1,aquarelle,#00FFFF
#85ced1,aqua-splash,#00FFFF
#12403c,botanical-garden,#00FF00
#23312d,scarab,#00FF00
#d5d5d8,nimbus-cloud,#00FFFF
#babcc0,micro-chip,#00FFFF
#929090,wet-weather,#FFFF00
#807d7f,titanium,#FF0000
#767275,december-sky,#FF0000
#524d50,pavement,#FF0000
#4d4b4f,magnet,#0000FF
#a19fa5,silver-sconce,#FF00FF
#7f7c81,silver-filigree,#0000FF
#7e7d88,quicksilver,#0000FF
#787376,storm-front,#FF0000
#5e5b60,tornado,#0000FF
#5c5658,eiffel-tower,#FF0000
#3b3b48,graphite,#0000FF
#98979a,alloy,#FF00FF
#92949b,sleet,#00FFFF
#7f8793,tradewinds,#00FFFF
#585e6f,grisaille,#0000FF
#46444c,periscope,#0000FF
#66676d,quiet-shade,#0000FF
#4e545b,turbulence,#0000FF
#58646d,stormy-weather,#0000FF
#4e5055,iron-gate,#0000FF
#48464a,forged-iron,#0000FF
#434447,asphalt,#0000FF
#9c9b98,ghost-gray,#FFFF00
#73706f,brushed-nickel,#FF0000
#94908b,mourning-dove,#FFFF00
#a3a9a6,belgian-block,#00FFFF
#6b7169,agave-green,#00FF00
#43544b,cilantro,#00FF00
#213631,pine-grove,#00FF00
#264e36,eden,#00FF00
#007844,jolly-green,#00FF00
#2e3d30,mountain-view,#00FF00
#b5c38e,margarita,#FFFF00
#5b5a41,winter-moss,#FF0000
#444940,climbing-ivy,#00FF00
#3f352f,delicioso,#FF0000
#433937,mulch,#FF0000
#392d2b,mole,#FF0000
#382e2d,chocolate-torte,#FF0000
#34292a,ganache,#FF0000
#2e272a,black-bean,#FF0000
#363031,espresso,#FF0000
#2b2929,meteorite,#FF0000
#2a2b2d,tap-shoe,#0000FF
#efebe7,white-alyssum,#FFFF00
#ede6de,jet-stream,#FFFF00
#f0ead6,sweet-cream,#FFFF00
#efe0cd,buttercream,#FFFF00
#f6ebc8,lemon-icing,#FFFF00
#f3eee7,sugar-swizzle,#FFFF00
#f0ede5,coconut-milk,#FFFF00
#ece99b,yellow-pear,#FFFF00
#f1e6de,sea-salt,#FFFF00
#edf1fe,brilliant-white,#00FFFF
#f0efe2,cannoli-cream,#FFFF00
#e8e3d9,tofu,#FFFF00
#d7cfbb,pistachio-shell,#FFFF00
#ebdf67,celandine,#FFFF00
#f3e779,lemon-verbena,#FFFF00
#f5d6c6,creme-de-peche,#FFFF00
#f7d1d4,marys-rose,#FF00FF
#dfcdc6,morganite,#FFFF00
#f8e0e7,rose-water,#FF00FF
#d6cebe,almond-milk,#FFFF00
#c0db3a,lime-popsicle,#FFFF00
#f3dd3e,golden-kiwi,#FFFF00
#ead94e,meadowlark,#FFFF00
#ccdb1e,evening-primrose,#FFFF00
#fed450,habanero-gold,#FFFF00
#fed55d,minion-yellow,#FFFF00
#d2c29d,soybean,#FFFF00
#e7aa56,jurassic-gold,#FFFF00
#c7bba4,brown-rice,#FFFF00
#f5b895,peach-quartz,#FFFF00
#e2bdb3,peachy-keen,#FFFF00
#dacab7,brazilian-sand,#FFFF00
#f7cdc7,pink-salt,#FFFF00
#f7cac9,rose-quartz,#FFFF00
#ebced5,ballet-slipper,#FF00FF
#f7cee0,cherry-blossom,#FF00FF
#c6c5c6,antarctica,#FF00FF
#c3c6c8,oyster-mushroom,#00FFFF
#91dce8,tanager-turquoise,#00FFFF
#98ddde,limpet-shell,#00FFFF
#abd3db,iced-aqua,#00FFFF
#badf30,acid-lime,#FFFF00
#d8ae47,spicy-mustard,#FFFF00
#fbaa4c,kumquat,#FFFF00
#c0ac92,irish-cream,#FFFF00
#f9aa7d,orange-chiffon,#FFFF00
#cfb095,hazelnut,#FFFF00
#d4bab6,sepia-rose,#FFFF00
#b1aab3,raindrops,#FF00FF
#9fa9be,zen-blue,#00FFFF
#b9babd,quiet-gray,#00FFFF
#92b6d5,airy-blue,#00FFFF
#afb1b4,harbor-mist,#00FFFF
#98bfca,sea-angel,#00FFFF
#79b5db,baltic-sea,#00FFFF
#83c2cd,antiqua-sand,#00FFFF
#95dee3,island-paradise,#00FFFF
#82c2c7,tibetan-stone,#00FFFF
#d69c2f,mango-mojito,#FFFF00
#bfa58a,ginger-root,#FFFF00
#b18f6a,iced-coffee,#FFFF00
#d9922e,autumn-blaze,#FFFF00
#d7942d,golden-orange,#FFFF00
#cca580,porcini,#FFFF00
#f4963a,iceland-poppy,#FFFF00
#fea166,papaya,#FFFF00
#fe8c18,carrot-curl,#FFFF00
#fe840e,turmeric,#FFFF00
#fe7e03,tangelo,#FF0000
#c0916c,fenugreek,#FFFF00
#cc7357,dusted-clay,#FF0000
#bd8c66,pastry-shell,#FFFF00
#eb9687,blooming-dahlia,#FFFF00
#b99bc5,crocus-petal,#FF00FF
#b09fca,purple-rose,#FF00FF
#b3a0c9,lilac-breeze,#FF00FF
#91a8d0,serenity,#00FFFF
#5dafce,crystal-seas,#00FFFF
#9a9738,golden-lime,#FFFF00
#9c9a40,split-pea,#FFFF00
#aba44d,lentil-sprout,#FFFF00
#ada396,pure-cashmere,#FFFF00
#d27f63,sun-baked,#FF0000
#c5733d,peach-caramel,#FF0000
#c57644,tomato-cream,#FF0000
#f96714,orange-tiger,#FF0000
#a46f44,meerkat,#FF0000
#f96531,exotic-orange,#FF0000
#fc642d,dragon-fire,#FF0000
#f77464,coral-quartz,#FF0000
#f7786b,peach-echo,#FF0000
#98878c,purple-dove,#FF00FF
#9f90c1,sand-verbena,#FF00FF
#9896a4,lilac-gray,#FF00FF
#5d81bb,granada-sky,#00FFFF
#988c75,tree-house,#FFFF00
#b1832f,chai-tea,#FFFF00
#93592b,roasted-pecan,#FF0000
#918579,roasted-cashew,#FFFF00
#948a7a,winter-twig,#FFFF00
#8d7960,petrified-oak,#FF0000
#8b593e,argan-oil,#FF0000
#c46215,autumn-maple,#FF0000
#897560,sepia-tint,#FF0000
#b95b3f,spice-route,#FF0000
#f45520,scarlet-ibis,#FF0000
#be4b3b,summer-fig,#FF0000
#725f69,moonscape,#FF0000
#ce5b78,fruit-dove,#FF0000
#ce3175,pink-yarrow,#FF0000
#988088,toadstool,#FF00FF
#b76ba3,bodacious,#FF00FF
#9879a2,diffused-orchid,#FF00FF
#9479af,fairy-wren,#FF00FF
#9787bb,sunlit-allium,#FF00FF
#838487,sharkskin,#00FFFF
#8895c5,pale-iris,#00FFFF
#707bb4,iolite,#0000FF
#848182,gray-flannel,#FF00FF
#4c6a92,riverside,#0000FF
#5a789a,quiet-harbor,#0000FF
#5d89b3,lichen-blue,#00FFFF
#5480ac,pacific-coast,#00FFFF
#007cb7,ibiza-blue,#0000FF
#3183a0,navagio-bay,#00FFFF
#0084a1,barrier-reef,#00FFFF
#797b3a,guacamole,#00FF00
#5a7247,kale,#00FF00
#65663f,mayfly,#00FF00
#4e632c,twist-of-lime,#00FF00
#716a4d,martini-olive,#FF0000
#684832,emperador,#FF0000
#ab6819,thai-curry,#FF0000
#a86217,honey-ginger,#FF0000
#935529,sugar-almond,#FF0000
#783937,spiced-apple,#FF0000
#8e3c36,chili-oil,#FF0000
#675657,plum-truffle,#FF0000
#73362a,brandy-brown,#FF0000
#bc322c,valiant-poppy,#FF0000
#b4262a,aura-orange,#FF0000
#b61032,toreador,#FF0000
#ba0b32,lychee,#FF0000
#b91228,goji-berry,#FF0000
#735b6a,arctic-dusk,#FF0000
#6f5965,ephemera,#FF0000
#b2103c,jalapeno-red,#FF0000
#c01352,love-potion,#FF0000
#c62168,pink-peacock,#FF0000
#7b4368,grape-kiss,#FF0000
#8e4483,willowherb,#FF00FF
#632a60,charisma,#FF0000
#624076,plum-jam,#0000FF
#936a98,lavender-crystal,#FF00FF
#6f4685,purple-sapphire,#0000FF
#7d5d99,chive-blossom,#0000FF
#5a4e8f,purple-corallite,#0000FF
#615c60,volcanic-glass,#FF0000
#4d587a,gray-blue,#0000FF
#4e6482,blue-horizon,#0000FF
#5b609e,iris-bloom,#0000FF
#2d62a3,nebulas-blue,#0000FF
#006ca9,indigo-bunting,#0000FF
#007290,fjord-blue,#0000FF
#0078a7,hawaiian-surf,#0000FF
#006b7e,tahitian-tide,#0000FF
#006865,quetzal-green,#00FF00
#615e5f,granite-gray,#FF0000
#006e51,lush-meadow,#00FF00
#49494d,gray-pinstripe,#0000FF
#5e5749,sea-turtle,#FF0000
#46483c,deep-depths,#00FF00
#5f5b4c,kalamata,#FF0000
#5d5348,crocodile,#FF0000
#3c2d2e,chocolate-plum,#FF0000
#5c3e35,chocolate-lab,#FF0000
#543b35,shaved-chocolate,#FF0000
#5d4236,fondue-fudge,#FF0000
#634235,tiramisu,#FF0000
#5a3e36,rocky-road,#FF0000
#4a342e,chicory-coffee,#FF0000
#6e362c,smoked-paprika,#FF0000
#56352d,chocolate-fondant,#FF0000
#66352b,cherry-mahogany,#FF0000
#72262c,merlot,#FF0000
#7b3539,red-pear,#FF0000
#4d233d,pickled-beet,#FF0000
#61224a,plum-caspia,#FF0000
#47243b,winter-bloom,#FF0000
#6d4773,spiced-plum,#0000FF
#3e285c,violet-indigo,#0000FF
#27293d,maritime-blue,#0000FF
#3a363b,obsidian,#0000FF
#26262a,black-beauty,#0000FF
#4d4b50,blackened-pearl,#0000FF
#434452,odyssey-gray,#0000FF
#2b272b,black-onyx,#FF0000
#223a5e,navy-peony,#0000FF
#35435a,sargasso-sea,#0000FF
#0e3a53,sailor-blue,#0000FF
#123850,gibraltar-sea,#0000FF
#004b8d,lapis-blue,#0000FF
#155187,baleine-blue,#0000FF
#2a4b7c,galaxy-blue,#0000FF
#0f3b57,blue-opal,#0000FF
#293b4d,moonlit-ocean,#0000FF
#29495c,deep-dive,#0000FF
#00637c,crystal-teal,#0000FF
#005265,deep-lagoon,#0000FF
#254445,sea-moss,#0000FF
#184a45,forest-biome,#00FF00
#15463e,rain-forest,#00FF00
#ff0000,red,#FF0000
#00ff00,green,#00FF00
#0000ff,blue,#0000FF
#ffff00,yellow,#FFFF00
#ff00ff,magenta,#FF00FF
#00ffff,cyan,#00FFFF